date,rv_daily_man,rv_net10y_man_per_bp,v4b_dyn_man,v4b_fix_man,combined_dyn_man,combined_fix_man
2020-05-04,-373.09858486901845,0.0,-0.0,-0.0,-373.09858486901845,-373.09858486901845
2020-05-06,1483.8959633101085,0.0,-0.0,-0.0,1483.8959633101085,1483.8959633101085
2020-05-07,-457.77739269980117,0.0,0.0,0.0,-457.77739269980117,-457.77739269980117
2020-05-08,-1091.5705217484046,0.0,0.0,0.0,-1091.5705217484046,-1091.5705217484046
2020-05-11,49.27827876763614,0.0,-0.0,-0.0,49.27827876763614,49.27827876763614
2020-05-12,169.39310350878873,0.0,0.0,0.0,169.39310350878873,169.39310350878873
2020-05-13,31.825228452440722,0.0,0.0,0.0,31.825228452440722,31.825228452440722
2020-05-14,-270.49567932025667,0.0,0.0,0.0,-270.49567932025667,-270.49567932025667
2020-05-15,-489.61902735664154,0.0,0.0,0.0,-489.61902735664154,-489.61902735664154
2020-05-18,-355.4182139546311,0.0,-0.0,-0.0,-355.4182139546311,-355.4182139546311
2020-05-19,50.099322145778125,0.0,0.0,0.0,50.099322145778125,50.099322145778125
2020-05-20,47.553303869574236,0.0,0.0,0.0,47.553303869574236,47.553303869574236
2020-05-21,-177.93508985729554,0.0,0.0,0.0,-177.93508985729554,-177.93508985729554
2020-05-22,409.33656351470256,0.0,0.0,0.0,409.33656351470256,409.33656351470256
2020-05-25,100.19864429154369,0.0,0.0,0.0,100.19864429154369,100.19864429154369
2020-05-26,73.91741815145835,0.0,-0.0,-0.0,73.91741815145835,73.91741815145835
2020-05-27,-122.29176539917458,0.0,0.0,0.0,-122.29176539917458,-122.29176539917458
2020-05-28,901.50160914754,0.0,-0.0,-0.0,901.50160914754,901.50160914754
2020-05-29,10.184073104778072,0.0,-0.0,-0.0,10.184073104778072,10.184073104778072
2020-06-01,41.64022393904943,0.0,-0.0,-0.0,41.64022393904943,41.64022393904943
2020-06-02,-554.1734157814471,0.0,0.0,0.0,-554.1734157814471,-554.1734157814471
2020-06-03,217.0292955201449,0.0,-0.0,-0.0,217.0292955201449,217.0292955201449
2020-06-04,-100.19864429154796,0.0,-0.0,8.5,-100.19864429154796,-91.69864429154796
2020-06-05,134.2008134020106,0.0,-0.0,56.09999999999971,134.2008134020106,190.3008134020103
2020-06-08,-411.06153841275204,0.0,0.0,-33.149999999999565,-411.06153841275204,-444.2115384127516
2020-06-09,-388.5993396869596,0.0,0.0,-221.00000000000097,-388.5993396869596,-609.5993396869605
2020-06-10,43.73427645528915,0.0,-0.0,12.750000000000483,43.73427645528915,56.48427645528963
2020-06-11,-186.84615382398007,0.0,0.0,-15.30000000000058,-186.84615382398007,-202.14615382398065
2020-06-12,215.30432062208737,0.0,0.0,-10.19999999999942,215.30432062208737,205.10432062208795
2020-06-15,341.8670791955195,0.0,-0.0,178.49999999999952,341.8670791955195,520.3670791955191
2020-06-16,-476.8889359756636,0.0,0.0,-63.75,-476.8889359756636,-540.6389359756636
2020-06-17,-60.28339525056053,0.0,0.0,-34.0,-60.28339525056053,-94.28339525056053
2020-06-18,282.7738049412787,0.0,0.0,-74.79999999999961,282.7738049412787,207.97380494127907
2020-06-19,466.70486287087704,0.0,-0.0,38.25,466.70486287087704,504.95486287087704
2020-06-22,236.94547596975406,0.0,-0.0,0.0,236.94547596975406,236.94547596975406
2020-06-23,69.19445921724494,0.0,0.0,-38.25,69.19445921724494,30.94445921724494
2020-06-24,-184.3001355477845,0.0,0.0,-33.149999999999565,-184.3001355477845,-217.45013554778404
2020-06-25,-556.7194340576468,0.0,0.0,-63.750000000000725,-556.7194340576468,-620.4694340576475
2020-06-26,-489.61902735664154,0.0,0.0,-30.59999999999971,-489.61902735664154,-520.2190273566413
2020-06-29,202.57422924111356,0.0,-0.0,81.59999999999971,202.57422924111356,284.17422924111327
2020-06-30,255.21956966308318,0.0,-0.0,95.20000000000039,255.21956966308318,350.41956966308356
2020-07-01,261.58461535357213,0.0,-0.0,51.0,261.58461535357213,312.58461535357213
2020-07-02,62.82941352675194,0.0,0.0,-106.25,62.82941352675194,-43.42058647324806
2020-07-03,-41.188258179089395,0.0,-0.0,23.799999999999613,-41.188258179089395,-17.38825817908978
2020-07-06,86.64750953243217,0.0,-0.0,95.20000000000039,86.64750953243217,181.84750953243255
2020-07-07,-58.18934273432074,0.0,0.0,-58.65000000000029,-58.18934273432074,-116.83934273432104
2020-07-08,-483.25398166615264,0.0,0.0,-30.59999999999971,-483.25398166615264,-513.8539816661523
2020-07-09,483.25398166615264,0.0,-0.0,37.39999999999981,483.25398166615264,520.6539816661525
2020-07-10,-115.92671970868143,0.0,-0.0,0.0,-115.92671970868143,-115.92671970868143
2020-07-13,364.78124368127555,0.0,-0.0,42.5,364.78124368127555,407.28124368127555
2020-07-14,195.75721779066464,0.0,0.0,-17.0,195.75721779066464,178.75721779066464
2020-07-15,81.10350722007686,0.0,-0.0,0.0,81.10350722007686,81.10350722007686
2020-07-16,-381.78232823650706,0.0,0.0,0.0,-381.78232823650706,-381.78232823650706
2020-07-17,-398.3314470317782,0.0,0.0,0.0,-398.3314470317782,-398.3314470317782
2020-07-20,90.01457118676556,0.0,0.0,0.0,90.01457118676556,90.01457118676556
2020-07-21,-171.11807840684625,0.0,-0.0,-0.0,-171.11807840684625,-171.11807840684625
2020-07-22,0.0,0.0,0.0,0.0,0.0,0.0
2020-07-23,0.0,0.0,0.0,0.0,0.0,0.0
2020-07-24,0.0,0.0,0.0,0.0,0.0,0.0
2020-07-27,0.0,0.0,0.0,0.0,0.0,0.0
2020-07-28,0.0,0.0,-0.0,-0.0,0.0,0.0
2020-07-29,0.0,0.0,0.0,-17.0,0.0,-17.0
2020-07-30,0.0,0.0,0.0,-25.50000000000012,0.0,-25.50000000000012
2020-07-31,0.0,0.0,-0.0,17.00000000000012,0.0,17.00000000000012
2020-08-03,0.0,0.0,-0.0,-0.0,0.0,0.0
2020-08-04,0.0,0.0,-0.0,-0.0,0.0,0.0
2020-08-05,0.0,0.0,0.0,0.0,0.0,0.0
2020-08-06,0.0,0.0,-0.0,-0.0,0.0,0.0
2020-08-07,44.9765285431175,0.0,-0.0,-0.0,44.9765285431175,44.9765285431175
2020-08-10,-26.62857221151311,0.0,-0.0,-0.0,-26.62857221151311,-26.62857221151311
2020-08-11,-67.04779380713983,0.0,0.0,0.0,-67.04779380713983,-67.04779380713983
2020-08-12,67.04779380713983,0.0,-0.0,-0.0,67.04779380713983,67.04779380713983
2020-08-13,191.52272211267214,0.0,0.0,0.0,191.52272211267214,191.52272211267214
2020-08-14,-28.29656824165876,0.0,-0.0,36.5500000000001,-28.29656824165876,8.253431758341335
2020-08-18,26.62857221151311,0.0,0.0,-81.59999999999971,26.62857221151311,-54.9714277884866
2020-08-19,58.70781365641154,0.0,-0.0,0.0,58.70781365641154,58.70781365641154
2020-08-20,-54.53782358104522,0.0,-0.0,71.39999999999957,-54.53782358104522,16.86217641895435
2020-08-21,-27.849887098716852,0.0,-0.0,76.5,-27.849887098716852,48.65011290128315
2020-08-24,179.0127518865819,0.0,0.0,-71.40000000000029,179.0127518865819,107.6127518865816
2020-08-25,0.0,0.0,-0.0,8.5,0.0,8.5
2020-08-26,-32.466558317025054,0.0,-0.0,15.300000000000097,-32.466558317025054,-17.166558317024958
2020-08-27,16.6799603014566,0.0,-0.0,14.449999999999903,16.6799603014566,31.129960301456503
2020-08-28,-111.96495807944434,0.0,-0.0,107.1000000000002,-111.96495807944434,-4.8649580794441505
2020-08-31,-158.1628015097592,0.0,-0.0,107.09999999999971,-158.1628015097592,-51.06280150975948
2020-09-01,-5.391304962565797,0.0,-0.0,146.2000000000004,-5.391304962565797,140.8086950374346
2020-09-02,245.61386455077567,0.0,0.0,-140.25000000000048,245.61386455077567,105.36386455077519
2020-09-03,-36.6365483923892,0.0,0.0,-35.69999999999942,-36.6365483923892,-72.33654839238862
2020-09-04,-46.19784343031696,0.0,-0.0,51.0,-46.19784343031696,4.802156569683042
2020-09-07,-72.8264156418344,0.0,-0.0,188.69999999999942,-72.8264156418344,115.87358435816502
2020-09-08,135.70421937361004,0.0,0.0,-137.69999999999942,135.70421937361004,-1.9957806263893758
2020-09-09,218.15129432418738,0.0,0.0,-168.30000000000058,218.15129432418738,49.851294324186796
2020-09-10,-39.1385424376077,0.0,-0.0,25.5,-39.1385424376077,-13.638542437607697
2020-09-11,-87.0043818980725,0.0,-0.0,51.0,-87.0043818980725,-36.004381898072495
2020-09-14,70.77110273955994,0.0,0.0,-102.0,70.77110273955994,-31.228897260440064
2020-09-15,-50.8145146486273,0.0,0.0,-50.99999999999952,-50.8145146486273,-101.81451464862681
2020-09-16,-196.52671020311132,0.0,0.0,-61.20000000000039,-196.52671020311132,-257.7267102031117
2020-09-17,-66.213795792067,0.0,-0.0,45.90000000000029,-66.213795792067,-20.313795792066713
2020-09-18,-145.3248786823552,0.0,-0.0,12.75,-145.3248786823552,-132.5748786823552
2020-09-21,0.0,0.0,0.0,-25.5,0.0,-25.5
2020-09-22,-27.075253354459303,0.0,0.0,-71.39999999999957,-27.075253354459303,-98.47525335445887
2020-09-23,153.21817769013947,0.0,0.0,-43.350000000000435,153.21817769013947,109.86817769013904
2020-09-24,278.52710401074904,0.0,0.0,-58.649999999999565,278.52710401074904,219.87710401074946
2020-09-25,100.34835013923774,0.0,-0.0,0.0,100.34835013923774,100.34835013923774
2020-09-28,32.466558317025054,0.0,-0.0,0.0,32.466558317025054,32.466558317025054
2020-09-29,-100.34835013923774,0.0,-0.0,-0.0,-100.34835013923774,-100.34835013923774
2020-10-05,-215.64930027897105,0.0,-0.0,-0.0,-215.64930027897105,-215.64930027897105
2020-10-06,-223.9892804297017,0.0,-0.0,46.75,-223.9892804297017,-177.2392804297017
2020-10-07,-97.84635609401923,0.0,0.0,-5.100000000000193,-97.84635609401923,-102.94635609401942
2020-10-08,-146.9928747124986,0.0,-0.0,15.300000000000097,-146.9928747124986,-131.6928747124985
2020-10-12,-2.8893109173495324,0.0,-0.0,27.199999999999903,-2.8893109173495324,24.31068908265037
2020-10-13,17.90127518865819,0.0,0.0,-62.89999999999981,17.90127518865819,-44.99872481134162
2020-10-14,-39.585223580549474,0.0,0.0,-20.40000000000029,-39.585223580549474,-59.985223580549764
2020-10-15,181.51474593180035,0.0,0.0,-102.0,181.51474593180035,79.51474593180035
2020-10-16,16.6799603014566,0.0,-0.0,71.40000000000029,16.6799603014566,88.0799603014569
2020-10-19,83.2810729656501,0.0,0.0,-153.0,83.2810729656501,-69.7189270343499
2020-10-20,-85.33638586792681,0.0,-0.0,42.5,-85.33638586792681,-42.83638586792681
2020-10-21,-311.4403434707159,0.0,-0.0,46.75,-311.4403434707159,-264.6903434707159
2020-10-22,32.466558317025054,0.0,0.0,0.0,32.466558317025054,32.466558317025054
2020-10-23,-28.743249384602716,0.0,0.0,-8.5,-28.743249384602716,-37.24324938460272
2020-10-26,38.30454442253487,0.0,0.0,-8.5,38.30454442253487,29.804544422534867
2020-10-27,-54.53782358104967,0.0,-0.0,37.39999999999981,-54.53782358104967,-17.137823581049865
2020-10-28,77.44308686014256,0.0,0.0,-25.499999999999275,77.44308686014256,51.94308686014328
2020-10-29,-30.798562286879402,0.0,-0.0,58.649999999999565,-30.798562286879402,27.851437713120163
2020-10-30,-352.246881938469,0.0,-0.0,81.60000000000043,-352.246881938469,-270.6468819384686
2020-11-02,0.0,0.0,-0.0,180.19999999999942,0.0,180.19999999999942
2020-11-03,0.0,0.0,-0.0,0.0,0.0,0.0
2020-11-04,0.0,0.0,0.0,-204.0,0.0,-204.0
2020-11-05,0.0,0.0,0.0,-204.0,0.0,-204.0
2020-11-06,0.0,0.0,-0.0,238.0,0.0,238.0
2020-11-09,0.0,0.0,-0.0,0.0,0.0,0.0
2020-11-10,0.0,0.0,-0.0,276.25,0.0,276.25
2020-11-11,0.0,0.0,-0.0,170.0,0.0,170.0
2020-11-12,0.0,0.0,0.0,-122.40000000000029,0.0,-122.40000000000029
2020-11-13,0.0,0.0,0.0,-113.05000000000034,0.0,-113.05000000000034
2020-11-16,0.0,0.0,0.0,-47.59999999999923,0.0,-47.59999999999923
2020-11-17,0.0,0.0,-0.0,13.60000000000116,0.0,13.60000000000116
2020-11-18,0.0,0.0,0.0,-137.70000000000087,0.0,-137.70000000000087
2020-11-19,0.0,0.0,-0.0,99.4499999999987,0.0,99.4499999999987
2020-11-20,0.0,0.0,0.0,-38.249999999997826,0.0,-38.249999999997826
2020-11-23,0.0,0.0,0.0,-178.5,0.0,-178.5
2020-11-24,0.0,0.0,-0.0,66.29999999999913,0.0,66.29999999999913
2020-11-25,0.0,0.0,-0.0,170.0,0.0,170.0
2020-11-26,0.0,0.0,-0.0,93.49999999999952,0.0,93.49999999999952
2020-11-27,0.0,0.0,0.0,-86.69999999999942,0.0,-86.69999999999942
2020-11-30,-292.46553878837693,0.0,-0.0,130.89999999999932,-292.46553878837693,-161.5655387883776
2020-12-01,41.274492641587166,0.0,0.0,-101.14999999999932,41.274492641587166,-59.87550735841216
2020-12-02,-908.0388381148211,0.0,-0.0,153.0,-908.0388381148211,-755.0388381148211
2020-12-03,0.0,0.0,0.0,-91.80000000000058,0.0,-91.80000000000058
2020-12-04,0.0,0.0,-0.0,35.70000000000087,0.0,35.70000000000087
2020-12-07,0.0,0.0,0.0,-93.50000000000072,0.0,-93.50000000000072
2020-12-08,0.0,0.0,-0.0,0.0,0.0,0.0
2020-12-09,0.0,0.0,-0.0,42.5,0.0,42.5
2020-12-10,0.0,0.0,-0.0,0.0,0.0,0.0
2020-12-11,0.0,0.0,-0.0,25.5,0.0,25.5
2020-12-14,0.0,0.0,-0.0,66.30000000000058,0.0,66.30000000000058
2020-12-15,0.0,0.0,-0.0,11.899999999999324,0.0,11.899999999999324
2020-12-16,0.0,0.0,-0.0,148.7500000000017,0.0,148.7500000000017
2020-12-17,0.0,0.0,-0.0,202.30000000000035,0.0,202.30000000000035
2020-12-18,0.0,0.0,0.0,-142.80000000000035,0.0,-142.80000000000035
2020-12-21,0.0,0.0,0.0,-178.5,0.0,-178.5
2020-12-22,0.0,0.0,0.0,-130.900000000001,0.0,-130.900000000001
2020-12-23,0.0,0.0,0.0,-107.10000000000068,0.0,-107.10000000000068
2020-12-24,0.0,0.0,-0.0,280.5,0.0,280.5
2020-12-28,0.0,0.0,0.0,-63.74999999999879,0.0,-63.74999999999879
2020-12-29,0.0,0.0,-0.0,68.0,0.0,68.0
2020-12-30,0.0,0.0,-0.0,84.99999999999903,0.0,84.99999999999903
2021-01-04,0.0,0.0,-0.0,42.5,0.0,42.5
2021-01-05,0.0,0.0,0.0,-188.69999999999942,0.0,-188.69999999999942
2021-01-06,0.0,0.0,-0.0,188.69999999999942,0.0,188.69999999999942
2021-01-07,0.0,0.0,0.0,-61.19999999999942,0.0,-61.19999999999942
2021-01-08,0.0,0.0,-0.0,0.0,0.0,0.0
2021-01-11,0.0,0.0,0.0,-178.5,0.0,-178.5
2021-01-12,0.0,0.0,-0.0,136.00000000000074,0.0,136.00000000000074
2021-01-13,0.0,0.0,-0.0,0.0,0.0,0.0
2021-01-14,0.0,0.0,-0.0,50.999999999999034,0.0,50.999999999999034
2021-01-15,0.0,0.0,0.0,-8.499999999999517,0.0,-8.499999999999517
2021-01-18,0.0,0.0,0.0,-102.0,0.0,-102.0
2021-01-19,0.0,0.0,-0.0,0.0,0.0,0.0
2021-01-20,-318.8449972728495,0.0,0.0,-54.40000000000077,-318.8449972728495,-373.2449972728503
2021-01-21,318.62053357770424,0.0,-0.0,0.0,318.62053357770424,318.62053357770424
2021-01-22,478.81262202604495,0.0,-0.0,360.4000000000008,478.81262202604495,839.2126220260457
2021-01-25,279.4463165645614,0.0,-0.0,149.59999999999923,279.4463165645614,429.04631656456064
2021-01-26,-39.975873067212966,0.0,0.0,-68.0,-39.975873067212966,-107.97587306721297
2021-01-27,198.7570468603824,0.0,0.0,-34.0,198.7570468603824,164.7570468603824
2021-01-28,-0.32066242162985725,0.0,-0.0,20.400000000000773,-0.32066242162985725,20.079337578370914
2021-01-29,-717.4172769849886,0.0,-0.0,0.0,-717.4172769849886,-717.4172769849886
2021-02-01,319.26185842096396,0.0,-0.0,183.60000000000116,319.26185842096396,502.8618584209651
2021-02-02,-438.54815277936086,0.0,0.0,-183.60000000000116,-438.54815277936086,-622.148152779362
2021-02-03,39.751409372076495,0.0,-0.0,13.599999999999227,39.751409372076495,53.35140937207572
2021-02-04,-39.751409372076495,0.0,-0.0,156.40000000000077,-39.751409372076495,116.64859062792428
2021-02-05,-358.56434040275866,0.0,0.0,-61.20000000000087,-358.56434040275866,-419.76434040275956
2021-02-08,279.350117838077,0.0,-0.0,344.25,279.350117838077,623.600117838077
2021-02-09,-0.16033121081935242,0.0,0.0,-53.54999999999913,-0.16033121081935242,-53.71033121081848
2021-02-10,597.778253962812,0.0,-0.0,68.0,597.778253962812,665.778253962812
2021-02-15,557.9306458642334,0.0,-0.0,238.0,557.9306458642334,795.9306458642334
2021-02-16,-359.0774002773664,0.0,0.0,-119.0,-359.0774002773664,-478.0774002773664
2021-02-17,119.60695678002674,0.0,-0.0,86.70000000000087,119.60695678002674,206.3069567800276
2021-02-18,-517.9227065548619,0.0,0.0,-29.750000000000725,-517.9227065548619,-547.6727065548625
2021-02-19,-79.37455377550107,0.0,-0.0,74.79999999999961,-79.37455377550107,-4.574553775501457
2021-02-22,757.9062099268094,0.0,-0.0,135.1500000000003,757.9062099268094,893.0562099268097
2021-02-23,-398.6364121964605,0.0,0.0,-96.90000000000029,-398.6364121964605,-495.5364121964608
2021-02-24,119.12596314757313,0.0,0.0,-101.99999999999928,119.12596314757313,17.125963147573856
2021-02-25,557.8344471377536,0.0,-0.0,101.99999999999928,557.8344471377536,659.8344471377529
2021-02-26,0.0,0.0,-0.0,198.9000000000003,0.0,198.9000000000003
2021-03-02,140.79681096788295,0.0,-0.0,0.0,140.79681096788295,140.79681096788295
2021-03-03,919.0562718071888,0.0,0.0,-51.0,919.0562718071888,868.0562718071888
2021-03-04,0.0,0.0,-0.0,43.350000000000435,0.0,43.350000000000435
2021-03-05,0.0,0.0,-0.0,71.39999999999957,0.0,71.39999999999957
2021-03-08,0.0,0.0,-0.0,94.34999999999971,0.0,94.34999999999971
2021-03-09,199.6601784843823,0.0,-0.0,5.100000000000193,199.6601784843823,204.7601784843825
2021-03-10,1515.2518051258824,-8.668622083546595,-0.0,0.0,1515.2518051258824,1515.2518051258824
2021-03-11,70.16577774613509,-8.668622083546595,-11.269208708610671,-22.100000000000193,58.89656903752442,48.0657777461349
2021-03-12,-1777.2227052510395,-8.668622083546595,71.94956329343682,141.1000000000002,-1705.2731419576028,-1636.1227052510394
2021-03-15,-1438.3884071886719,-8.668622083546595,81.48504758533828,79.90000000000029,-1356.9033596033337,-1358.4884071886715
2021-03-16,-1374.4363608278675,-8.668622083546595,-47.67742145950651,-46.75000000000024,-1422.113782287374,-1421.1863608278677
2021-03-17,-2562.540044376634,-8.673732978519517,34.67448833418638,34.0,-2527.8655560424477,-2528.540044376634
2021-03-18,521.4552758467325,-8.673732978519517,-0.0,-0.0,521.4552758467325,521.4552758467325
2021-03-19,797.7419775747653,-8.673732978519517,0.0,0.0,797.7419775747653,797.7419775747653
2021-03-22,3355.4287345387183,-8.673732978519517,0.0,0.0,3355.4287345387183,3355.4287345387183
2021-03-23,1047.0836765650463,-8.673732978519517,-11.275852872075225,-11.049999999999855,1035.8078236929712,1036.0336765650463
2021-03-24,4014.901152324851,-8.673732978519517,-98.8805559551223,-96.8999999999998,3916.0205963697285,3918.0011523248513
2021-03-25,859.9029718590652,-8.673732978519517,-39.03179840333783,-38.25,820.8711734557274,821.6529718590652
2021-03-26,393.5925871162796,-8.673732978519517,117.09539521001274,114.74999999999928,510.68798232629234,508.3425871162789
2021-03-29,-104.21681799343638,-8.673732978519517,-111.8911554229006,-109.64999999999884,-216.10797341633696,-213.86681799343523
2021-03-30,-311.58770466610343,-8.673732978519517,190.8221255274289,186.99999999999952,-120.76557913867452,-124.58770466610392
2021-03-31,-98.74721944297384,-8.673732978519517,-17.347465957039034,-17.0,-116.09468540001288,-115.74721944297384
2021-04-01,-113.4925655064933,-8.673732978519517,0.0,0.0,-113.4925655064933,-113.4925655064933
2021-04-02,-460.64257538450846,-8.673732978519517,27.7559455312626,27.200000000000145,-432.88662985324584,-433.4425753845083
2021-04-05,123.90104508071691,-8.673732978519517,85.00258318949088,83.29999999999961,208.90362827020778,207.20104508071654
2021-04-06,410.41970316847875,-8.673732978519517,-65.05299733889638,-63.75,345.3667058295824,346.66970316847875
2021-04-07,698.34314013279,-8.673732978519517,-27.755945531262356,-27.199999999999903,670.5871946015277,671.1431401327901
2021-04-08,221.78943761060458,-8.673732978519517,-32.960185318374265,-32.3000000000001,188.8292522922303,189.48943761060448
2021-04-09,223.50940040746093,-8.673732978519517,-0.0,-0.0,223.50940040746093,223.50940040746093
2021-04-12,449.57078526550606,-8.673732978519517,0.0,0.0,449.57078526550606,449.57078526550606
2021-04-13,-152.14315709859358,-8.673732978519517,-0.0,-0.0,-152.14315709859358,-152.14315709859358
2021-04-14,-29.527105043935496,-8.673732978519517,0.0,0.0,-29.527105043935496,-29.527105043935496
2021-04-15,-183.18037900577326,-8.673732978519517,-0.0,-0.0,-183.18037900577326,-183.18037900577326
2021-04-16,360.3804469163084,-8.673732978519517,-0.0,-0.0,360.3804469163084,360.3804469163084
2021-04-19,435.3752883197602,-8.673732978519517,0.0,0.0,435.3752883197602,435.3752883197602
2021-04-20,1016.7159404292364,-8.673732978519517,-0.0,-0.0,1016.7159404292364,1016.7159404292364
2021-04-21,-58.66991454770038,-8.673732978519517,0.0,0.0,-58.66991454770038,-58.66991454770038
2021-04-22,98.81670774933016,-8.673732978519517,-0.0,-0.0,98.81670774933016,98.81670774933016
2021-04-23,-255.99385368687868,-8.673732978519517,-0.0,-0.0,-255.99385368687868,-255.99385368687868
2021-04-26,-133.2049820730564,0.0,-0.0,-0.0,-133.2049820730564,-133.2049820730564
2021-04-27,129.77438723426815,-154.75391644106423,0.0,0.0,129.77438723426815,129.77438723426815
2021-04-28,-263.1719231068045,-154.75391644106423,-0.0,-0.0,-263.1719231068045,-263.1719231068045
2021-04-29,808.3226066197561,-154.75391644106423,-0.0,-0.0,808.3226066197561,808.3226066197561
2021-04-30,123.59910980676841,-154.75391644106423,433.3109660349816,23.800000000000097,556.9100758417501,147.3991098067685
2021-05-03,-385.654127184598,-154.75391644106423,-464.2617493231839,-25.499999999999517,-849.9158765077818,-411.15412718459754
2021-05-04,-184.89338715766897,-154.75391644106423,464.2617493231839,25.499999999999517,279.3683621655149,-159.39338715766945
2021-05-06,-854.7940179173931,-154.75391644106423,-1624.9161226311612,-89.24999999999928,-2479.7101405485546,-944.0440179173925
2021-05-07,379.30616817281435,-154.75391644106423,773.7695822053124,42.49999999999952,1153.0757503781267,421.80616817281384
2021-05-10,108.98139276991719,-154.75391644106423,619.0156657642569,34.0,727.9970585341741,142.9813927699172
2021-05-11,513.5910970102051,-154.75391644106423,0.0,0.0,513.5910970102051,513.5910970102051
2021-05-12,-735.3098888492746,-154.75391644106423,-557.1140991878348,-30.600000000000193,-1292.4239880371092,-765.9098888492747
2021-05-13,266.91691787129736,-154.75391644106423,1021.3758485110187,56.09999999999971,1288.2927663823161,323.0169178712971
2021-05-14,-367.3914968852557,-154.75391644106423,0.0,0.0,-367.3914968852557,-367.3914968852557
2021-05-17,-160.09335378108415,-154.75391644106423,-2352.259529904166,-129.19999999999942,-2512.35288368525,-289.29335378108357
2021-05-18,209.52782890695747,-154.75391644106423,185.70469972928413,10.200000000000387,395.23252863624157,219.72782890695785
2021-05-20,318.8003605969833,-154.75391644106423,696.3926239847759,38.249999999999275,1015.1929845817592,357.05036059698256
2021-05-21,-260.67802741916864,-154.75391644106423,-835.671148781739,-45.899999999999565,-1096.3491762009076,-306.5780274191682
2021-05-24,-39.36446171203212,-154.75391644106423,0.0,0.0,-39.36446171203212,-39.36446171203212
2021-05-25,137.09780704959687,-154.75391644106423,603.5402741201559,33.15000000000029,740.6380811697528,170.24780704959716
2021-05-26,70.12946083639048,-154.75391644106423,92.85234986464647,5.100000000000435,162.98181070103695,75.22946083639091
2021-05-27,689.4574698288706,-154.75391644106423,-1624.9161226311876,-89.25000000000072,-935.458652802317,600.2074698288699
2021-05-28,-84.68031733665802,-154.75391644106423,1857.046997292771,102.0,1772.366679956113,17.31968266334198
2021-05-31,-19.547505211854354,-154.75391644106423,1996.3255220897472,109.65000000000101,1976.778016877893,90.10249478814666
2021-06-01,769.562117632127,-154.75391644106423,619.0156657642393,33.999999999999034,1388.5777833963662,803.562117632126
2021-06-02,569.0075908316802,-154.75391644106423,309.5078328821109,16.999999999999034,878.515423713791,586.0075908316792
2021-06-03,126.8727858847102,-154.75391644106423,0.0,0.0,126.8727858847102,126.8727858847102
2021-06-04,-629.6265695182807,-154.75391644106423,-1733.2438641399092,-95.19999999999942,-2362.87043365819,-724.8265695182802
2021-06-07,-347.3371986589782,-154.75391644106423,-371.40939945855945,-20.40000000000029,-718.7465981175376,-367.7371986589785
2021-06-08,-880.5898348874005,-154.75391644106423,-665.4418406965692,-36.54999999999961,-1546.0316755839697,-917.1398348874001
2021-06-09,541.1999264303228,-154.75391644106423,0.0,0.0,541.1999264303228,541.1999264303228
2021-06-10,-88.22777961376673,-154.75391644106423,0.0,0.0,-88.22777961376673,-88.22777961376673
2021-06-11,490.57732344172655,-154.75391644106423,0.0,0.0,490.57732344172655,490.57732344172655
2021-06-14,-1174.5903992215312,-154.75391644106423,-0.0,-0.0,-1174.5903992215312,-1174.5903992215312
2021-06-15,1114.75097945211,-153.16549310304111,0.0,0.0,1114.75097945211,1114.75097945211
2021-06-16,267.5430620480863,-153.16549310304111,0.0,0.0,267.5430620480863,267.5430620480863
2021-06-17,162.01456632907306,-153.16549310304111,-0.0,-0.0,162.01456632907306,162.01456632907306
2021-06-18,654.510368375546,-153.16549310304111,0.0,0.0,654.510368375546,654.510368375546
2021-06-21,-531.2659875547835,-153.16549310304111,0.0,0.0,-531.2659875547835,-531.2659875547835
2021-06-22,-1302.8097061980734,0.0,-0.0,-0.0,-1302.8097061980734,-1302.8097061980734
2021-06-23,23.90484578178309,0.0,-0.0,-0.0,23.90484578178309,23.90484578178309
2021-06-24,-603.634826370472,0.0,-0.0,-0.0,-603.634826370472,-603.634826370472
2021-06-25,-1028.1272685094145,0.0,-0.0,-0.0,-1028.1272685094145,-1028.1272685094145
2021-06-28,-932.4412969877692,0.0,-0.0,34.0,-932.4412969877692,-898.4412969877692
2021-06-29,678.4400295507036,0.0,0.0,-71.3999999999998,678.4400295507036,607.0400295507038
2021-06-30,13.912179996419932,0.0,0.0,-8.499999999999517,13.912179996419932,5.412179996420415
2021-07-01,444.30128222498706,0.0,-0.0,8.499999999999517,444.30128222498706,452.8012822249866
2021-07-02,-270.5887428423656,0.0,-0.0,8.5,-270.5887428423656,-262.0887428423656
2021-07-05,352.8576468773579,0.0,0.0,-34.0,352.8576468773579,318.8576468773579
2021-07-06,-1266.171339926555,0.0,-0.0,25.50000000000024,-1266.171339926555,-1240.6713399265548
2021-07-07,2355.9600170915273,0.0,0.0,-66.30000000000034,2355.9600170915273,2289.660017091527
2021-07-08,1512.3609185466441,0.0,0.0,-38.25,1512.3609185466441,1474.1109185466441
2021-07-09,-1046.7978253658757,0.0,-0.0,36.5500000000001,-1046.7978253658757,-1010.2478253658757
2021-07-12,396.1215033952142,0.0,0.0,0.0,396.1215033952142,396.1215033952142
2021-07-13,266.65403698346165,0.0,-0.0,-0.0,266.65403698346165,266.65403698346165
2021-07-14,1262.5818546082057,0.0,0.0,0.0,1262.5818546082057,1262.5818546082057
2021-07-15,-438.22624280314307,0.0,-0.0,-0.0,-438.22624280314307,-438.22624280314307
2021-07-16,130.33006626851153,0.0,-0.0,-0.0,130.33006626851153,130.33006626851153
2021-07-19,1655.3469929832693,0.0,0.0,-33.99999999999976,1655.3469929832693,1621.3469929832695
2021-07-20,844.6864774533134,0.0,0.0,-127.50000000000048,844.6864774533134,717.1864774533129
2021-07-21,-270.60697110443414,0.0,0.0,-43.34999999999971,-270.60697110443414,-313.9569711044338
2021-07-22,-235.49096442041136,0.0,-0.0,63.75,-235.49096442041136,-171.74096442041136
2021-07-23,146.6655222053554,0.0,0.0,-47.60000000000019,146.6655222053554,99.0655222053552
2021-07-26,153.17266942377967,0.0,0.0,-27.199999999999903,153.17266942377967,125.97266942377976
2021-07-27,-131.99896998481992,0.0,-0.0,-0.0,-131.99896998481992,-131.99896998481992
2021-07-28,566.4164021906863,0.0,0.0,0.0,566.4164021906863,566.4164021906863
2021-07-29,-183.3319027566934,0.0,-0.0,-0.0,-183.3319027566934,-183.3319027566934
2021-07-30,123.83956498270854,0.0,0.0,0.0,123.83956498270854,123.83956498270854
2021-08-02,-480.7935916266572,0.0,-0.0,-0.0,-480.7935916266572,-480.7935916266572
2021-08-03,215.14339387331904,0.0,0.0,0.0,215.14339387331904,215.14339387331904
2021-08-04,-174.44825277910996,0.0,0.0,0.0,-174.44825277910996,-174.44825277910996
2021-08-05,0.0,0.0,-0.0,-0.0,0.0,0.0
2021-08-06,0.0,0.0,-0.0,-0.0,0.0,0.0
2021-08-09,0.0,0.0,-0.0,-0.0,0.0,0.0
2021-08-10,0.0,0.0,0.0,0.0,0.0,0.0
2021-08-11,0.0,0.0,-0.0,-0.0,0.0,0.0
2021-08-12,0.0,0.0,0.0,-8.5,0.0,-8.5
2021-08-13,0.0,0.0,0.0,-8.5,0.0,-8.5
2021-08-17,0.0,0.0,0.0,-85.0,0.0,-85.0
2021-08-18,0.0,0.0,-0.0,10.199999999999903,0.0,10.199999999999903
2021-08-19,0.0,0.0,0.0,0.0,0.0,0.0
2021-08-20,0.0,0.0,0.0,0.0,0.0,0.0
2021-08-23,0.0,0.0,-0.0,-0.0,0.0,0.0
2021-08-24,0.0,0.0,-0.0,-0.0,0.0,0.0
2021-08-25,0.0,0.0,0.0,-8.5,0.0,-8.5
2021-08-26,0.0,0.0,-0.0,0.0,0.0,0.0
2021-08-27,0.0,0.0,-0.0,17.850000000000435,0.0,17.850000000000435
2021-08-30,0.0,0.0,0.0,-81.60000000000043,0.0,-81.60000000000043
2021-08-31,0.0,0.0,-0.0,17.84999999999971,0.0,17.84999999999971
2021-09-01,0.0,0.0,-0.0,76.5,0.0,76.5
2021-09-02,0.0,0.0,-0.0,12.750000000000725,0.0,12.750000000000725
2021-09-03,0.0,0.0,0.0,-12.750000000000725,0.0,-12.750000000000725
2021-09-06,0.0,0.0,-0.0,63.750000000000725,0.0,63.750000000000725
2021-09-07,0.0,0.0,-0.0,33.149999999999565,0.0,33.149999999999565
2021-09-08,0.0,0.0,-0.0,76.49999999999928,0.0,76.49999999999928
2021-09-09,0.0,0.0,0.0,-20.399999999999565,0.0,-20.399999999999565
2021-09-10,0.0,0.0,0.0,-11.899999999999807,0.0,-11.899999999999807
2021-09-13,0.0,0.0,-0.0,85.0,0.0,85.0
2021-09-14,0.0,0.0,-0.0,14.449999999999903,0.0,14.449999999999903
2021-09-15,0.0,0.0,0.0,-59.49999999999952,0.0,-59.49999999999952
2021-09-16,0.0,0.0,-0.0,15.299999999999855,0.0,15.299999999999855
2021-09-17,0.0,0.0,-0.0,45.90000000000029,0.0,45.90000000000029
2021-09-23,0.0,0.0,-0.0,25.49999999999976,0.0,25.49999999999976
2021-09-24,0.0,0.0,-0.0,93.5,0.0,93.5
2021-09-27,0.0,0.0,-0.0,25.500000000000483,0.0,25.500000000000483
2021-09-28,0.0,0.0,-0.0,242.24999999999926,0.0,242.24999999999926
2021-09-29,0.0,0.0,0.0,-165.75,0.0,-165.75
2021-09-30,0.0,0.0,-0.0,89.25000000000072,0.0,89.25000000000072
2021-10-01,0.0,0.0,-0.0,33.149999999999565,0.0,33.149999999999565
2021-10-05,0.0,0.0,-0.0,114.75,0.0,114.75
2021-10-06,0.0,0.0,-0.0,260.0999999999997,0.0,260.0999999999997
2021-10-07,0.0,0.0,0.0,-66.29999999999986,0.0,-66.29999999999986
2021-10-08,0.0,0.0,0.0,-22.94999999999942,0.0,-22.94999999999942
2021-10-12,0.0,0.0,-0.0,165.75,0.0,165.75
2021-10-13,0.0,0.0,0.0,-96.90000000000101,0.0,-96.90000000000101
2021-10-14,0.0,0.0,0.0,-112.1999999999987,0.0,-112.1999999999987
2021-10-15,0.0,0.0,-0.0,40.799999999999855,0.0,40.799999999999855
2021-10-18,0.0,0.0,-0.0,104.54999999999986,0.0,104.54999999999986
2021-10-19,0.0,0.0,0.0,-81.60000000000043,0.0,-81.60000000000043
2021-10-20,0.0,0.0,-0.0,68.84999999999971,0.0,68.84999999999971
2021-10-21,-409.2131813112777,0.0,0.0,-15.299999999999855,-409.2131813112777,-424.51318131127755
2021-10-22,-1067.8604454487015,0.0,-0.0,40.799999999999855,-1067.8604454487015,-1027.0604454487016
2021-10-25,68.11155753803342,0.0,-0.0,85.0,68.11155753803342,153.11155753803342
2021-10-26,69.37836869929315,0.0,-0.0,5.100000000000193,69.37836869929315,74.47836869929334
2021-10-27,-1844.7484395342,0.0,-0.0,84.99999999999952,-1844.7484395342,-1759.7484395342005
2021-10-28,0.0,0.0,0.0,-152.99999999999952,0.0,-152.99999999999952
2021-10-29,0.0,0.0,-0.0,120.6999999999999,0.0,120.6999999999999
2021-11-01,-1154.1218419608138,0.0,0.0,-44.200000000000145,-1154.1218419608138,-1198.3218419608138
2021-11-02,99.62723641974144,0.0,0.0,-40.79999999999961,99.62723641974144,58.82723641974182
2021-11-03,424.16018676414984,0.0,-0.0,11.049999999999855,424.16018676414984,435.2101867641497
2021-11-04,-742.1955270604805,0.0,0.0,0.0,-742.1955270604805,-742.1955270604805
2021-11-05,175.38727231123968,0.0,0.0,-55.25,175.38727231123968,120.13727231123968
2021-11-08,582.1426505866764,0.0,0.0,-12.75,582.1426505866764,569.3926505866764
2021-11-09,484.55060880966727,0.0,0.0,-76.5,484.55060880966727,408.05060880966727
2021-11-10,29.008014147843515,0.0,-0.0,22.950000000000145,29.008014147843515,51.958014147843656
2021-11-11,-142.29125987370517,0.0,-0.0,25.49999999999976,-142.29125987370517,-116.79125987370541
2021-11-12,-361.0209538531473,0.0,-0.0,-0.0,-361.0209538531473,-361.0209538531473
2021-11-15,189.72167983160074,0.0,0.0,0.0,189.72167983160074,189.72167983160074
2021-11-16,-537.7826315971208,0.0,-0.0,-0.0,-537.7826315971208,-537.7826315971208
2021-11-17,-197.91528541527242,0.0,-0.0,-0.0,-197.91528541527242,-197.91528541527242
2021-11-18,914.5123984033823,0.0,0.0,0.0,914.5123984033823,914.5123984033823
2021-11-19,-304.3793309902175,0.0,-0.0,-0.0,-304.3793309902175,-304.3793309902175
2021-11-22,-567.469043959208,0.0,-0.0,-0.0,-567.469043959208,-567.469043959208
2021-11-23,581.1250532653304,0.0,-0.0,-0.0,581.1250532653304,581.1250532653304
2021-11-24,428.2481850538521,0.0,0.0,0.0,428.2481850538521,428.2481850538521
2021-11-25,370.2321567581743,0.0,0.0,0.0,370.2321567581743,370.2321567581743
2021-11-26,-1065.6932710792614,0.0,0.0,0.0,-1065.6932710792614,-1065.6932710792614
2021-11-29,410.50417745802235,0.0,-0.0,-0.0,410.50417745802235,410.50417745802235
2021-11-30,219.74729130079746,0.0,0.0,0.0,219.74729130079746,219.74729130079746
2021-12-01,-879.3635823188536,0.0,0.0,0.0,-879.3635823188536,-879.3635823188536
2021-12-02,326.59184199176394,0.0,-0.0,-0.0,326.59184199176394,326.59184199176394
2021-12-03,-771.5095415801916,0.0,-0.0,-0.0,-771.5095415801916,-771.5095415801916
2021-12-06,73.53479743696694,0.0,0.0,0.0,73.53479743696694,73.53479743696694
2021-12-07,-498.2601421165969,0.0,-0.0,-0.0,-498.2601421165969,-498.2601421165969
2021-12-08,-1016.9697556850658,0.0,0.0,0.0,-1016.9697556850658,-1016.9697556850658
2021-12-09,441.76446513937225,0.0,-0.0,-0.0,441.76446513937225,441.76446513937225
2021-12-10,521.9609339403847,0.0,-0.0,-0.0,521.9609339403847,521.9609339403847
2021-12-13,215.701178878059,0.0,0.0,0.0,215.701178878059,215.701178878059
2021-12-14,301.57225319964726,0.0,-0.0,-0.0,301.57225319964726,301.57225319964726
2021-12-15,-38.877542962758106,0.0,0.0,0.0,-38.877542962758106,-38.877542962758106
2021-12-16,359.82473006951216,0.0,0.0,0.0,359.82473006951216,359.82473006951216
2021-12-17,395.88062707513353,0.0,-0.0,-0.0,395.88062707513353,395.88062707513353
2021-12-20,161.0994908204179,0.0,0.0,0.0,161.0994908204179,161.0994908204179
2021-12-21,55.97273578859176,0.0,-0.0,-0.0,55.97273578859176,55.97273578859176
2021-12-22,6.426253689591493,0.0,-0.0,-0.0,6.426253689591493,6.426253689591493
2021-12-23,178.80840046612505,0.0,-0.0,-0.0,178.80840046612505,178.80840046612505
2021-12-24,-59.09152096364857,0.0,-0.0,-0.0,-59.09152096364857,-59.09152096364857
2021-12-27,275.68668288126935,0.0,-0.0,-0.0,275.68668288126935,275.68668288126935
2021-12-28,20.450203565603868,0.0,0.0,0.0,20.450203565603868,20.450203565603868
2021-12-29,-310.09026364375933,0.0,0.0,-22.950000000000145,-310.09026364375933,-333.0402636437595
2021-12-30,626.6773536562445,0.0,-0.0,136.00000000000048,626.6773536562445,762.6773536562449
2022-01-03,286.3620479020182,0.0,-0.0,191.25,286.3620479020182,477.6120479020182
2022-01-04,-436.74877884214965,0.0,0.0,-7.65000000000029,-436.74877884214965,-444.3987788421499
2022-01-05,185.07075453340877,0.0,-0.0,102.0,185.07075453340877,287.0707545334088
2022-01-06,393.810526825051,0.0,-0.0,300.9000000000003,393.810526825051,694.7105268250514
2022-01-07,-547.1356291269677,0.0,0.0,-71.40000000000029,-547.1356291269677,-618.535629126968
2022-01-10,-1144.606863115711,0.0,-0.0,51.0,-1144.606863115711,-1093.606863115711
2022-01-11,168.85828760334337,0.0,-0.0,7.65000000000029,168.85828760334337,176.50828760334366
2022-01-12,-675.3739524299151,0.0,0.0,-165.75,-675.3739524299151,-841.1239524299151
2022-01-13,456.1867823242752,0.0,0.0,-58.65000000000029,456.1867823242752,397.5367823242749
2022-01-14,-202.6558739391476,0.0,-0.0,183.60000000000042,-202.6558739391476,-19.055873939147176
2022-01-17,457.6417495319277,0.0,-0.0,257.54999999999984,457.6417495319277,715.1917495319276
2022-01-18,39.63349830711707,0.0,0.0,-66.29999999999986,39.63349830711707,-26.666501692882782
2022-01-19,470.90779598121026,0.0,0.0,-22.95000000000087,470.90779598121026,447.9577959812094
2022-01-20,49.78380904021347,0.0,-0.0,63.75000000000145,49.78380904021347,113.53380904021492
2022-01-21,0.0,0.0,0.0,-33.150000000001015,0.0,-33.150000000001015
2022-01-24,-38.76218643375961,0.0,-0.0,20.399999999999565,-38.76218643375961,-18.362186433760044
2022-01-25,-156.58055897017772,0.0,-0.0,68.85000000000043,-156.58055897017772,-87.73055897017728
2022-01-26,787.2721469295745,0.0,0.0,-38.25,787.2721469295745,749.0221469295745
2022-01-27,-259.2956307325833,0.0,-0.0,122.40000000000029,-259.2956307325833,-136.895630732583
2022-01-28,21.714246520903473,0.0,0.0,-34.0,21.714246520903473,-12.285753479096527
2022-02-03,-109.22217317737555,0.0,0.0,-23.800000000000097,-109.22217317737555,-133.02217317737563
2022-02-04,-1005.3957544511745,0.0,-0.0,-0.0,-1005.3957544511745,-1005.3957544511745
2022-02-07,-948.9020507527101,0.0,-0.0,29.75,-948.9020507527101,-919.1520507527101
2022-02-08,-218.10089206076023,0.0,-0.0,72.25,-218.10089206076023,-145.85089206076023
2022-02-09,1243.2411302883036,0.0,0.0,-68.0,1243.2411302883036,1175.2411302883036
2022-02-10,490.7783923136954,0.0,-0.0,0.0,490.7783923136954,490.7783923136954
2022-02-11,-104.97828715692312,0.0,-0.0,135.1500000000003,-104.97828715692312,30.171712843077174
2022-02-14,178.18646619895796,0.0,0.0,-8.5,178.18646619895796,169.68646619895796
2022-02-15,172.9210358485829,0.0,0.0,-25.5,172.9210358485829,147.4210358485829
2022-02-16,-334.25037752090293,0.0,0.0,-11.050000000000097,-334.25037752090293,-345.300377520903
2022-02-17,-238.83900557278272,0.0,-0.0,10.200000000000387,-238.83900557278272,-228.63900557278234
2022-02-18,-502.8591277789884,0.0,-0.0,37.39999999999981,-502.8591277789884,-465.4591277789886
2022-02-21,0.0,0.0,-0.0,89.25,0.0,89.25
2022-02-22,0.0,0.0,0.0,-127.5,0.0,-127.5
2022-02-23,0.0,0.0,-0.0,8.5,0.0,8.5
2022-02-24,0.0,0.0,0.0,-170.0,0.0,-170.0
2022-02-25,0.0,0.0,-0.0,79.8999999999998,0.0,79.8999999999998
2022-02-28,2.5308086783607027,0.0,-0.0,45.90000000000029,2.5308086783607027,48.43080867836099
2022-03-02,-256.2773566597035,0.0,0.0,-186.1500000000003,-256.2773566597035,-442.42735665970383
2022-03-03,-152.06530176730863,0.0,-0.0,110.5,-152.06530176730863,-41.565301767308625
2022-03-04,309.71299067498234,0.0,0.0,-25.5,309.71299067498234,284.21299067498234
2022-03-07,-248.42936378602647,0.0,-0.0,-0.0,-248.42936378602647,-248.42936378602647
2022-03-08,120.50160985531197,0.0,-0.0,-0.0,120.50160985531197,120.50160985531197
2022-03-10,284.72351576888497,0.0,-0.0,-0.0,284.72351576888497,284.72351576888497
2022-03-11,-172.87943321616063,0.0,0.0,0.0,-172.87943321616063,-172.87943321616063
2022-03-14,-2001.5518335735246,0.0,-0.0,-0.0,-2001.5518335735246,-2001.5518335735246
2022-03-15,-1831.6729247020767,0.0,-0.0,-0.0,-1831.6729247020767,-1831.6729247020767
2022-03-16,-547.3435031143107,0.0,-0.0,25.5,-547.3435031143107,-521.8435031143107
2022-03-17,1214.9024505751465,0.0,0.0,-124.1000000000002,1214.9024505751465,1090.8024505751464
2022-03-18,-418.7123006307302,0.0,-0.0,73.94999999999942,-418.7123006307302,-344.7623006307308
2022-03-21,647.5358861022288,0.0,-0.0,15.30000000000058,647.5358861022288,662.8358861022293
2022-03-22,-826.1231330166593,0.0,-0.0,229.5,-826.1231330166593,-596.6231330166593
2022-03-23,463.96310000062715,0.0,0.0,-48.45000000000087,463.96310000062715,415.5131000006263
2022-03-24,-440.00602601393535,0.0,-0.0,132.60000000000116,-440.00602601393535,-307.4060260139342
2022-03-25,194.46533070078115,0.0,-0.0,43.34999999999971,194.46533070078115,237.81533070078086
2022-03-28,-2308.1474789086064,0.0,-0.0,418.1999999999994,-2308.1474789086064,-1889.947478908607
2022-03-29,0.0,0.0,0.0,-232.04999999999913,0.0,-232.04999999999913
2022-03-30,0.0,0.0,0.0,-165.75,0.0,-165.75
2022-03-31,0.0,0.0,-0.0,272.0,0.0,272.0
2022-04-01,0.0,0.0,-0.0,170.0,0.0,170.0
2022-04-04,0.0,0.0,-0.0,163.19999999999942,0.0,163.19999999999942
2022-04-05,0.0,0.0,-0.0,198.90000000000174,0.0,198.90000000000174
2022-04-06,261.51402852210606,0.0,-0.0,132.59999999999826,261.51402852210606,394.1140285221043
2022-04-07,-289.80205822583696,0.0,-0.0,25.5000000000029,-289.80205822583696,-264.30205822583406
2022-04-08,-2439.2408005528605,0.0,-0.0,382.4999999999971,-2439.2408005528605,-2056.740800552863
2022-04-11,-955.1843777147841,0.0,-0.0,703.8000000000006,-955.1843777147841,-251.38437771478345
2022-04-12,1132.51730142032,0.0,0.0,-51.0,1132.51730142032,1081.51730142032
2022-04-13,-339.2922925409294,0.0,0.0,-40.80000000000058,-339.2922925409294,-380.09229254093
2022-04-14,2633.0608459066093,0.0,0.0,-565.25,2633.0608459066093,2067.8108459066093
2022-04-15,130.04817917419146,0.0,-0.0,768.4000000000008,130.04817917419146,898.4481791741922
2022-04-18,172.09095418677478,0.0,-0.0,252.45000000000087,172.09095418677478,424.54095418677565
2022-04-19,-48.142260119212416,0.0,0.0,-214.20000000000087,-48.142260119212416,-262.3422601192133
2022-04-20,-333.0913484236348,0.0,0.0,-153.0,-333.0913484236348,-486.0913484236348
2022-04-21,309.87173516894535,0.0,-0.0,40.800000000001546,309.87173516894535,350.6717351689469
2022-04-22,-68.12194121805588,0.0,0.0,-40.800000000001546,-68.12194121805588,-108.92194121805743
2022-04-25,-1694.4708379434344,0.0,0.0,-870.4000000000008,-1694.4708379434344,-2564.870837943435
2022-04-26,0.0,0.0,-0.0,20.400000000000773,0.0,20.400000000000773
2022-04-27,0.0,0.0,-0.0,41.649999999999324,0.0,41.649999999999324
2022-04-28,0.0,0.0,0.0,-137.69999999999942,0.0,-137.69999999999942
2022-04-29,0.0,0.0,-0.0,255.0,0.0,255.0
2022-05-02,0.0,0.0,-0.0,265.2000000000004,0.0,265.2000000000004
2022-05-03,0.0,0.0,-0.0,-0.0,0.0,0.0
2022-05-04,0.0,0.0,-0.0,-0.0,0.0,0.0
2022-05-06,0.0,0.0,0.0,0.0,0.0,0.0
2022-05-09,0.0,0.0,-0.0,-0.0,0.0,0.0
2022-05-10,0.0,0.0,0.0,0.0,0.0,0.0
2022-05-11,0.0,0.0,0.0,0.0,0.0,0.0
2022-05-12,0.0,0.0,0.0,-72.25,0.0,-72.25
2022-05-13,0.0,0.0,-0.0,93.5,0.0,93.5
2022-05-16,0.0,0.0,-0.0,94.34999999999971,0.0,94.34999999999971
2022-05-17,0.0,0.0,-0.0,22.100000000000193,0.0,22.100000000000193
2022-05-18,0.0,0.0,-0.0,29.75,0.0,29.75
2022-05-19,21.627716778397094,0.0,0.0,0.0,21.627716778397094,21.627716778397094
2022-05-20,1157.2148736926058,0.0,0.0,0.0,1157.2148736926058,1157.2148736926058
2022-05-23,8.189890261663683,0.0,-0.0,-0.0,8.189890261663683,8.189890261663683
2022-05-24,-66.78569819369112,0.0,0.0,-51.0,-66.78569819369112,-117.78569819369112
2022-05-25,94.2789694119713,0.0,0.0,-17.84999999999971,94.2789694119713,76.4289694119716
2022-05-26,-96.3264419773961,0.0,-0.0,43.35000000000019,-96.3264419773961,-52.97644197739591
2022-05-27,98.37391454280323,0.0,0.0,-12.750000000000483,98.37391454280323,85.62391454280275
2022-05-30,101.2403761343943,0.0,-0.0,5.100000000000193,101.2403761343943,106.34037613439449
2022-05-31,-88.15559799629841,0.0,-0.0,187.0,-88.15559799629841,98.84440200370159
2022-06-02,-83.2416638392914,0.0,-0.0,153.0,-83.2416638392914,69.7583361607086
2022-06-03,242.23981259898082,0.0,0.0,-22.100000000000193,242.23981259898082,220.13981259898063
2022-06-07,-55.3769906690687,0.0,-0.0,344.25,-55.3769906690687,288.8730093309313
2022-06-08,3040.65819298723,0.0,0.0,-183.5999999999997,3040.65819298723,2857.05819298723
2022-06-09,-17.30566305299243,0.0,-0.0,12.75,-17.30566305299243,-4.555663052992429
2022-06-10,-442.4982987350955,0.0,-0.0,38.25,-442.4982987350955,-404.2482987350955
2022-06-13,-726.7660323098365,0.0,-0.0,476.8499999999997,-726.7660323098365,-249.91603230983685
2022-06-14,234.1334614682871,0.0,-0.0,20.40000000000029,234.1334614682871,254.53346146828738
2022-06-15,-1596.0666403179866,0.0,-0.0,214.20000000000087,-1596.0666403179866,-1381.8666403179857
2022-06-16,0.0,0.0,-0.0,7.64999999999884,0.0,7.64999999999884
2022-06-17,0.0,0.0,-0.0,58.65000000000029,0.0,58.65000000000029
2022-06-20,0.0,0.0,0.0,-25.5,0.0,-25.5
2022-06-21,0.0,0.0,0.0,-33.15000000000029,0.0,-33.15000000000029
2022-06-22,0.0,0.0,0.0,-164.8999999999998,0.0,-164.8999999999998
2022-06-23,0.0,0.0,-0.0,43.35000000000019,0.0,43.35000000000019
2022-06-24,0.0,0.0,0.0,0.0,0.0,0.0
2022-06-27,0.0,0.0,-0.0,-0.0,0.0,0.0
2022-06-28,0.0,0.0,0.0,0.0,0.0,0.0
2022-06-29,0.0,0.0,0.0,0.0,0.0,0.0
2022-06-30,0.0,0.0,0.0,0.0,0.0,0.0
2022-07-01,467.9992850388922,0.0,0.0,0.0,467.9992850388922,467.9992850388922
2022-07-04,-105.64623781014978,0.0,0.0,0.0,-105.64623781014978,-105.64623781014978
2022-07-05,424.5969856686525,0.0,0.0,0.0,424.5969856686525,424.5969856686525
2022-07-06,-174.17072260662988,0.0,0.0,-53.5500000000001,-174.17072260662988,-227.72072260662998
2022-07-07,-447.4315626025998,0.0,-0.0,11.899999999999807,-447.4315626025998,-435.5315626026
2022-07-08,210.7205734971935,0.0,-0.0,37.40000000000029,210.7205734971935,248.1205734971938
2022-07-11,821.7634234240795,0.0,-0.0,-0.0,821.7634234240795,821.7634234240795
2022-07-12,0.0,0.0,0.0,0.0,0.0,0.0
2022-07-13,0.0,0.0,0.0,0.0,0.0,0.0
2022-07-14,0.0,0.0,0.0,0.0,0.0,0.0
2022-07-15,0.0,0.0,0.0,0.0,0.0,0.0
2022-07-18,0.0,0.0,-0.0,-0.0,0.0,0.0
2022-07-19,0.0,0.0,0.0,-29.75,0.0,-29.75
2022-07-20,0.0,0.0,-0.0,91.8000000000001,0.0,91.8000000000001
2022-07-21,0.0,0.0,-0.0,28.899999999999807,0.0,28.899999999999807
2022-07-22,0.0,0.0,0.0,-117.29999999999961,0.0,-117.29999999999961
2022-07-25,0.0,0.0,0.0,-239.70000000000087,0.0,-239.70000000000087
2022-07-26,0.0,0.0,0.0,-45.89999999999981,0.0,-45.89999999999981
2022-07-27,0.0,0.0,0.0,-165.75,0.0,-165.75
2022-07-28,0.0,0.0,-0.0,216.75,0.0,216.75
2022-07-29,1218.0805165354661,0.0,0.0,-255.0,1218.0805165354661,963.0805165354661
2022-08-01,-915.0883373973202,0.0,-0.0,166.59999999999923,-915.0883373973202,-748.488337397321
2022-08-02,-367.57742829774173,0.0,0.0,-336.5999999999992,-367.57742829774173,-704.177428297741
2022-08-03,-316.53675933431686,0.0,-0.0,153.0,-316.53675933431686,-163.53675933431686
2022-08-04,-31.438790004296973,0.0,-0.0,119.0,-31.438790004296973,87.56120999570302
2022-08-05,287.4103322810391,0.0,0.0,-136.0,287.4103322810391,151.41033228103908
2022-08-08,-319.34481364558303,0.0,-0.0,187.0,-319.34481364558303,-132.34481364558303
2022-08-09,-743.137829388966,0.0,0.0,-61.20000000000039,-743.137829388966,-804.3378293889664
2022-08-10,0.0,0.0,-0.0,163.2000000000004,0.0,163.2000000000004
2022-08-11,0.0,0.0,-0.0,51.0,0.0,51.0
2022-08-12,499.4690772098366,0.0,-0.0,210.7999999999996,499.4690772098366,710.2690772098363
2022-08-16,206.32006181254982,0.0,0.0,-539.7499999999995,206.32006181254982,-333.4299381874497
2022-08-17,506.168190898758,0.0,-0.0,127.5,506.168190898758,633.668190898758
2022-08-18,18.312473745320272,0.0,-0.0,229.5,18.312473745320272,247.81247374532026
2022-08-19,0.0,0.0,-0.0,392.6999999999994,0.0,392.6999999999994
2022-08-22,0.0,0.0,-0.0,178.5,0.0,178.5
2022-08-23,0.0,0.0,-0.0,102.0,0.0,102.0
2022-08-24,0.0,0.0,-0.0,374.00000000000045,0.0,374.00000000000045
2022-08-25,0.0,0.0,-0.0,739.5,0.0,739.5
2022-08-26,0.0,0.0,-0.0,153.00000000000097,0.0,153.00000000000097
2022-08-29,0.0,0.0,-0.0,438.59999999999826,0.0,438.59999999999826
2022-08-30,287.90938164358346,0.0,0.0,-76.4999999999971,287.90938164358346,211.40938164358636
2022-08-31,-36.16422283643102,0.0,-0.0,85.0,-36.16422283643102,48.83577716356898
2022-09-01,71.40949904769026,0.0,-0.0,424.9999999999976,71.40949904769026,496.40949904768786
2022-09-02,335.9145650643967,0.0,0.0,-348.49999999999955,335.9145650643967,-12.585434935602848
2022-09-05,73.35131673844074,0.0,0.0,-331.5,73.35131673844074,-258.14868326155926
2022-09-06,0.0,0.0,-0.0,239.70000000000232,0.0,239.70000000000232
2022-09-07,0.0,0.0,-0.0,142.79999999999768,0.0,142.79999999999768
2022-09-08,0.0,0.0,0.0,-612.0,0.0,-612.0
2022-09-13,0.0,0.0,0.0,-102.0,0.0,-102.0
2022-09-14,0.0,0.0,-0.0,127.5,0.0,127.5
2022-09-15,0.0,0.0,-0.0,841.5,0.0,841.5
2022-09-16,0.0,0.0,0.0,-102.0,0.0,-102.0
2022-09-19,0.0,0.0,-0.0,76.5,0.0,76.5
2022-09-20,0.0,0.0,-0.0,233.75,0.0,233.75
2022-09-21,1002.8784678184243,0.0,-0.0,142.7999999999996,1002.8784678184243,1145.678467818424
2022-09-22,512.6829480675518,0.0,-0.0,209.1000000000002,512.6829480675518,721.7829480675521
2022-09-23,132.6534439213913,0.0,-0.0,207.3999999999998,132.6534439213913,340.05344392139114
2022-09-26,584.0995050940901,0.0,-0.0,348.5,584.0995050940901,932.5995050940901
2022-09-27,-630.888599937132,0.0,0.0,-207.3999999999998,-630.888599937132,-838.2885999371317
2022-09-28,-1531.8184370920696,0.0,-0.0,204.0,-1531.8184370920696,-1327.8184370920696
2022-09-29,1274.3390467601537,0.0,0.0,-169.99999999999903,1274.3390467601537,1104.3390467601546
2022-09-30,-2470.5871658816127,0.0,0.0,-251.60000000000116,-2470.5871658816127,-2722.187165881614
2022-10-04,0.0,0.0,0.0,-234.5999999999997,0.0,-234.5999999999997
2022-10-05,1002.0882518998459,0.0,-0.0,293.2500000000015,1002.0882518998459,1295.3382518998474
2022-10-06,642.2850281165057,0.0,0.0,-12.750000000002899,642.2850281165057,629.5350281165029
2022-10-07,0.0,0.0,-0.0,280.5000000000015,0.0,280.5000000000015
2022-10-11,1137.8933329725544,0.0,-0.0,169.99999999999903,1137.8933329725544,1307.8933329725535
2022-10-12,-1617.893600243634,0.0,0.0,-185.2999999999996,-1617.893600243634,-1803.1936002436337
2022-10-13,2410.5085213488364,0.0,-0.0,117.30000000000058,2410.5085213488364,2527.808521348837
2022-10-14,-478.51523818115646,0.0,0.0,-85.00000000000097,-478.51523818115646,-563.5152381811574
2022-10-17,617.2526292806022,0.0,-0.0,132.60000000000116,617.2526292806022,749.8526292806033
2022-10-18,739.8650965977417,0.0,-0.0,93.49999999999903,739.8650965977417,833.3650965977408
2022-10-19,-550.9181455310882,0.0,-0.0,100.3000000000001,-550.9181455310882,-450.6181455310881
2022-10-20,-1271.15407279337,0.0,-0.0,-0.0,-1271.15407279337,-1271.15407279337
2022-10-21,-4407.103646051401,0.0,-0.0,-0.0,-4407.103646051401,-4407.103646051401
2022-10-24,-146.11210629236697,0.0,0.0,0.0,-146.11210629236697,-146.11210629236697
2022-10-25,1142.1307010003063,0.0,0.0,0.0,1142.1307010003063,1142.1307010003063
2022-10-26,1289.6434116375383,0.0,0.0,0.0,1289.6434116375383,1289.6434116375383
2022-10-27,157.62534853157885,0.0,-0.0,-0.0,157.62534853157885,157.62534853157885
2022-10-28,1717.6071273490609,0.0,0.0,0.0,1717.6071273490609,1717.6071273490609
2022-10-31,159.34184667884242,0.0,-0.0,-0.0,159.34184667884242,159.34184667884242
2022-11-01,177.3454101346582,0.0,0.0,0.0,177.3454101346582,177.3454101346582
2022-11-02,-1088.7633223772962,0.0,0.0,0.0,-1088.7633223772962,-1088.7633223772962
2022-11-03,2187.747412926116,0.0,-0.0,-0.0,2187.747412926116,2187.747412926116
2022-11-04,856.872686697218,0.0,-0.0,-0.0,856.872686697218,856.872686697218
2022-11-07,-56.42593277993156,0.0,-0.0,-0.0,-56.42593277993156,-56.42593277993156
2022-11-08,-212.77927531851643,0.0,0.0,0.0,-212.77927531851643,-212.77927531851643
2022-11-09,1112.6349089842581,0.0,0.0,0.0,1112.6349089842581,1112.6349089842581
2022-11-10,2682.901729764998,0.0,0.0,0.0,2682.901729764998,2682.901729764998
2022-11-11,0.0,0.0,0.0,0.0,0.0,0.0
2022-11-14,0.0,0.0,-0.0,-0.0,0.0,0.0
2022-11-15,0.0,0.0,0.0,0.0,0.0,0.0
2022-11-16,0.0,0.0,-0.0,-0.0,0.0,0.0
2022-11-17,0.0,0.0,0.0,0.0,0.0,0.0
2022-11-18,0.0,0.0,0.0,0.0,0.0,0.0
2022-11-21,-328.67153162261343,0.0,0.0,0.0,-328.67153162261343,-328.67153162261343
2022-11-22,338.4102222684655,0.0,-0.0,-0.0,338.4102222684655,338.4102222684655
2022-11-23,924.8330098338245,0.0,0.0,0.0,924.8330098338245,924.8330098338245
2022-11-24,1927.4245238289043,0.0,0.0,0.0,1927.4245238289043,1927.4245238289043
2022-11-25,393.6136107850745,0.0,0.0,0.0,393.6136107850745,393.6136107850745
2022-11-28,389.87538886943264,0.0,0.0,0.0,389.87538886943264,389.87538886943264
2022-11-29,-494.51296812005137,0.0,-0.0,-0.0,-494.51296812005137,-494.51296812005137
2022-11-30,-636.7477618085072,0.0,-0.0,-0.0,-636.7477618085072,-636.7477618085072
2022-12-01,-761.8217119330952,0.0,0.0,0.0,-761.8217119330952,-761.8217119330952
2022-12-02,1072.6077492183515,0.0,0.0,0.0,1072.6077492183515,1072.6077492183515
2022-12-05,268.29470215431905,0.0,0.0,0.0,268.29470215431905,268.29470215431905
2022-12-06,350.34654804204183,0.0,0.0,0.0,350.34654804204183,350.34654804204183
2022-12-07,-189.31119932634627,0.0,-0.0,-0.0,-189.31119932634627,-189.31119932634627
2022-12-08,-1420.12792188033,0.0,-0.0,-0.0,-1420.12792188033,-1420.12792188033
2022-12-09,-193.57098169775753,0.0,0.0,0.0,-193.57098169775753,-193.57098169775753
2022-12-12,849.0736907776093,0.0,0.0,0.0,849.0736907776093,849.0736907776093
2022-12-13,173.96916406049758,0.0,-0.0,-0.0,173.96916406049758,173.96916406049758
2022-12-14,701.2935230743464,0.0,0.0,0.0,701.2935230743464,701.2935230743464
2022-12-15,-791.411743340501,0.0,0.0,0.0,-791.411743340501,-791.411743340501
2022-12-16,442.1965397435296,0.0,0.0,0.0,442.1965397435296,442.1965397435296
2022-12-19,-235.41784639156208,0.0,-0.0,42.5,-235.41784639156208,-192.91784639156208
2022-12-20,2972.2301234994475,-21.50918224498872,-0.0,348.5,2972.2301234994475,3320.7301234994475
2022-12-21,87.84418592912648,-21.50918224498872,-96.79132010244923,-114.75,-8.947134173322752,-26.905814070873518
2022-12-22,-392.08781425632367,-21.50918224498872,-387.16528040979694,-229.5,-779.2530946661207,-621.5878142563237
2022-12-23,2500.2884428131783,-21.50918224498872,522.6731285532273,206.55000000000058,3022.9615713664057,2706.838442813179
2022-12-26,3087.592780116287,-21.50918224498872,542.0313925737142,214.19999999999942,3629.624172690001,3301.7927801162864
2022-12-27,1955.8319808959134,-21.50918224498872,-193.58264020489847,-76.5,1762.2493406910148,1879.3319808959134
2022-12-28,75.62869451420221,-21.50918224498872,419.42905377728,165.75,495.0577482914822,241.3786945142022
2022-12-29,-322.2305084857471,-21.50918224498872,419.42905377728,165.75,97.19854529153287,-156.48050848574712
2023-01-02,-1542.9683638149036,-21.50918224498872,361.3542617158083,142.79999999999913,-1181.6141020990954,-1400.1683638149045
2023-01-03,1080.3618736879312,-21.50918224498872,-780.7833154930883,-308.54999999999916,299.5785581948429,771.811873687932
2023-01-04,640.1029845613972,-21.50918224498872,-408.67446265478566,-161.5,231.42852190661154,478.6029845613972
2023-01-05,-780.0841892931095,-21.50918224498872,0.0,0.0,-780.0841892931095,-780.0841892931095
2023-01-06,-634.1598072722281,-21.50918224498872,-0.0,-0.0,-634.1598072722281,-634.1598072722281
2023-01-09,1093.6857612676993,-21.50918224498872,0.0,0.0,1093.6857612676993,1093.6857612676993
2023-01-10,-140.47351509629416,-21.50918224498872,-0.0,-0.0,-140.47351509629416,-140.47351509629416
2023-01-11,1800.0143257932257,0.0,0.0,0.0,1800.0143257932257,1800.0143257932257
2023-01-12,55.584006540669684,0.0,-0.0,-0.0,55.584006540669684,55.584006540669684
2023-01-13,-773.3215498412728,0.0,0.0,0.0,-773.3215498412728,-773.3215498412728
2023-01-16,643.801429305055,0.0,-0.0,-0.0,643.801429305055,643.801429305055
2023-01-17,571.5010599095414,0.0,-0.0,-0.0,571.5010599095414,571.5010599095414
2023-01-18,151.1437171911642,0.0,0.0,0.0,151.1437171911642,151.1437171911642
2023-01-19,385.8692486566208,0.0,0.0,0.0,385.8692486566208,385.8692486566208
2023-01-20,-154.82681531768887,0.0,-0.0,-0.0,-154.82681531768887,-154.82681531768887
2023-01-25,-534.1530855741568,0.0,0.0,0.0,-534.1530855741568,-534.1530855741568
2023-01-26,30.50946225840207,0.0,-0.0,-0.0,30.50946225840207,30.50946225840207
2023-01-27,1049.589253235711,0.0,-0.0,-0.0,1049.589253235711,1049.589253235711
2023-01-30,-816.2724233506797,0.0,0.0,-43.35000000000019,-816.2724233506797,-859.6224233506798
2023-01-31,1069.4645555144502,0.0,-0.0,76.5,1069.4645555144502,1145.9645555144502
2023-02-01,-42.205643736299315,0.0,0.0,-96.90000000000029,-42.205643736299315,-139.1056437362996
2023-02-02,-136.67628184397313,0.0,0.0,-74.79999999999961,-136.67628184397313,-211.47628184397274
2023-02-03,235.56897220366633,0.0,0.0,-276.25,235.56897220366633,-40.681027796333666
2023-02-06,-1318.228875010341,0.0,-0.0,595.0,-1318.228875010341,-723.228875010341
2023-02-07,48.557069239227005,0.0,0.0,-55.25000000000048,48.557069239227005,-6.6929307607734785
2023-02-08,-160.37815037120384,0.0,-0.0,97.75000000000048,-160.37815037120384,-62.62815037120336
2023-02-09,-830.5605657795984,0.0,-0.0,229.49999999999903,-830.5605657795984,-601.0605657795993
2023-02-10,0.0,0.0,0.0,-16.999999999999034,0.0,-16.999999999999034
2023-02-13,0.0,0.0,-0.0,316.1999999999994,0.0,316.1999999999994
2023-02-14,0.0,0.0,0.0,-148.75,0.0,-148.75
2023-02-15,0.0,0.0,-0.0,646.0,0.0,646.0
2023-02-16,0.0,0.0,0.0,-47.59999999999923,0.0,-47.59999999999923
2023-02-17,0.0,0.0,-0.0,938.4000000000008,0.0,938.4000000000008
2023-02-20,0.0,0.0,-0.0,251.59999999999923,0.0,251.59999999999923
2023-02-21,0.0,0.0,0.0,-408.0,0.0,-408.0
2023-02-22,0.0,0.0,-0.0,224.40000000000077,0.0,224.40000000000077
2023-02-23,0.0,0.0,0.0,-210.80000000000155,0.0,-210.80000000000155
2023-02-24,-116.80775131809246,0.0,0.0,-523.5999999999992,-116.80775131809246,-640.4077513180916
2023-02-27,342.6516984437145,0.0,-0.0,748.0,342.6516984437145,1090.6516984437144
2023-02-28,319.0450973933872,0.0,-0.0,773.5,319.0450973933872,1092.545097393387
2023-03-02,239.40103237492497,0.0,-0.0,377.40000000000174,239.40103237492497,616.8010323749268
2023-03-03,-70.23593411366411,0.0,0.0,-263.50000000000193,-70.23593411366411,-333.7359341136661
2023-03-06,0.0,0.0,0.0,-242.24999999999952,0.0,-242.24999999999952
2023-03-07,0.0,0.0,0.0,-214.2000000000004,0.0,-214.2000000000004
2023-03-08,0.0,0.0,-0.0,204.00000000000193,0.0,204.00000000000193
2023-03-09,73.134304778011,28.862297238404864,-0.0,17.84999999999826,73.134304778011,90.98430477800926
2023-03-10,-619.3310765892335,28.862297238404864,0.0,-349.3499999999997,-619.3310765892335,-968.6810765892332
2023-03-13,-1546.981813192671,28.862297238404864,0.0,-400.3499999999997,-1546.981813192671,-1947.3318131926708
2023-03-14,289.9118359161049,28.862297238404864,-144.31148619202432,-170.0,145.6003497240806,119.9118359161049
2023-03-15,92.8495315990433,28.862297238404864,259.7606751456438,191.25,352.6102067446871,284.0995315990433
2023-03-16,3.684912819715217,28.862297238404864,-190.4911617734711,-112.19999999999942,-186.8062489537559,-108.5150871802842
2023-03-17,-2.886229723840172,28.862297238404864,60.61082420064923,35.69999999999942,57.72459447680906,32.81377027615925
2023-03-20,-365.1354865123108,28.862297238404864,-663.8328364833118,-488.75,-1028.9683229956227,-853.8854865123108
2023-03-21,710.6843702772604,28.862297238404864,43.293445857607296,51.0,753.9778161348677,761.6843702772604
2023-03-22,415.3085775733028,28.862297238404864,0.0,-102.0,415.3085775733028,313.3085775733028
2023-03-23,-231.3885583433868,28.862297238404864,-0.0,17.84999999999971,-231.3885583433868,-213.53855834338708
2023-03-24,215.66854619212822,28.862297238404864,0.0,-127.5,215.66854619212822,88.16854619212822
2023-03-27,-41.20589922967553,28.862297238404864,-0.0,102.0,-41.20589922967553,60.79410077032447
2023-03-28,102.30690386644024,28.862297238404864,-0.0,38.25,102.30690386644024,140.55690386644022
2023-03-29,28.862297238438483,28.862297238404864,0.0,-22.95000000000087,28.862297238438483,5.912297238437613
2023-03-30,-412.42234784942826,28.862297238404864,-0.0,71.40000000000077,-412.42234784942826,-341.0223478494275
2023-03-31,87.07707215132862,28.862297238404864,-0.0,42.5,87.07707215132862,129.57707215132862
2023-04-03,79.21706607574895,28.862297238404864,-0.0,-0.0,79.21706607574895,79.21706607574895
2023-04-04,199.14985094499366,28.862297238404864,0.0,0.0,199.14985094499366,199.14985094499366
2023-04-05,-245.81970696258884,28.862297238404864,-0.0,-0.0,-245.81970696258884,-245.81970696258884
2023-04-06,204.12362729676553,28.862297238404864,0.0,0.0,204.12362729676553,204.12362729676553
2023-04-07,42.49476276173257,28.862297238404864,-0.0,-0.0,42.49476276173257,42.49476276173257
2023-04-10,347.6364303928815,28.862297238404864,0.0,0.0,347.6364303928815,347.6364303928815
2023-04-11,-51.9521350291295,28.862297238404864,-0.0,-0.0,-51.9521350291295,-51.9521350291295
2023-04-12,136.1429774566509,28.862297238404864,-0.0,-0.0,136.1429774566509,136.1429774566509
2023-04-13,-231.3885583433868,28.862297238404864,-0.0,-0.0,-231.3885583433868,-231.3885583433868
2023-04-14,-23.08983779072389,28.862297238404864,28.862297238404864,8.5,5.772459447680973,-14.589837790723891
2023-04-17,-130.6790206686966,28.862297238404864,386.7547829946278,113.90000000000077,256.07576232593124,-16.779020668695836
2023-04-18,162.91772806709014,28.862297238404864,-43.29344585761222,-12.75000000000145,119.62428220947791,150.1677280670887
2023-04-19,239.2485644189991,28.862297238404864,173.17378343042918,51.0,412.4223478494283,290.2485644189991
2023-04-20,-6.571142543589696,28.862297238404864,259.7606751456438,76.5,253.1895326020541,69.9288574564103
2023-04-21,316.68658652657865,28.862297238404864,-735.9885795793191,-216.74999999999855,-419.30199305274044,99.9365865265801
2023-04-24,28.86229723837124,28.862297238404864,-86.58689171521951,-25.50000000000145,-57.72459447684827,3.3622972383697913
2023-04-25,16.51869524713438,28.862297238404864,173.17378343042918,51.0,189.69247867756357,67.51869524713439
2023-04-26,-96.53444441875853,28.862297238404864,-98.13181061057587,-28.899999999999807,-194.6662550293344,-125.43444441875833
2023-04-27,-526.2741706112306,28.862297238404864,202.03608066883402,59.5,-324.2380899423966,-466.7741706112306
2023-04-28,-143.51280309614876,28.862297238404864,126.99410784898075,37.39999999999981,-16.51869524716801,-106.11280309614895
2023-05-02,139.82789027639916,28.862297238404864,17.317378343043572,5.100000000000193,157.14526861944273,144.92789027639935
2023-05-03,10.256055363339186,28.862297238404864,-305.9403507270889,-90.09999999999923,-295.6842953637497,-79.84394463666004
2023-05-04,58.52327757268548,28.862297238404864,-230.8983779072422,-68.00000000000097,-172.37510033455672,-9.476722427315487
2023-05-08,-570.9620697756612,28.862297238404864,202.03608066883402,59.5,-368.9259891068272,-511.46206977566123
2023-05-09,-272.6761600287903,28.862297238404864,46.179675581448436,13.600000000000193,-226.49648444734189,-259.0761600287901
2023-05-10,-802.148984699486,28.862297238404864,86.58689171521459,25.5,-715.5620929842714,-776.648984699486
2023-05-11,953.9167010742262,28.862297238404864,-230.8983779072389,-68.0,723.0183231669873,885.9167010742262
2023-05-12,857.0408861277956,28.862297238404864,-112.56295922977995,-33.15000000000029,744.4779268980157,823.8908861277953
2023-05-15,-221.44100563977509,28.862297238404864,441.5931477475964,130.05000000000058,220.1521421078213,-91.3910056397745
2023-05-16,98.1318106105432,28.862297238404864,-268.4193643171672,-79.05000000000058,-170.287553706624,19.081810610542618
2023-05-17,19.4049249709744,28.862297238404864,103.90427005825816,30.600000000000193,123.30919502923257,50.00492497097459
2023-05-18,-32.54721005812064,28.862297238404864,219.35345901187762,64.6000000000002,186.80624895375698,32.05278994187955
2023-05-19,-387.2449634307727,28.862297238404864,493.5452827767222,145.3499999999997,106.3003193459495,-241.894963430773
2023-05-22,674.7607500591516,28.862297238404864,-323.2577290701357,-95.20000000000039,351.5030209890159,579.5607500591512
2023-05-23,-268.41936431716533,28.862297238404864,1342.0968215858277,395.25000000000045,1073.6774572686622,126.83063568283512
2023-05-24,73.44460662806891,28.862297238404864,389.641012718464,114.74999999999952,463.08561934653295,188.1946066280684
2023-05-25,-253.9882156979628,28.862297238404864,1015.9528627918525,299.2000000000004,761.9646470938897,45.211784302037586
2023-05-26,-144.31148619205803,28.862297238404864,432.9344585760729,127.5,288.62297238401493,-16.811486192058027
2023-05-30,-23.08983779072389,28.862297238404864,60.61082420064923,17.84999999999971,37.52098640992534,-5.239837790724181
2023-05-31,389.6410127185002,28.862297238404864,-1142.9469706408315,-336.5999999999997,-753.3059579223313,53.0410127185005
2023-06-01,-152.1714922676705,28.862297238404864,259.7606751456438,76.5,107.58918287797331,-75.67149226767049
2023-06-02,167.40132398278192,28.862297238404864,-502.2039719482456,-147.9000000000003,-334.80264796546373,19.501323982781628
2023-06-05,-170.28755370662213,28.862297238404864,334.80264796549704,98.6000000000002,164.5150942588749,-71.68755370662194
2023-06-07,-676.0496135911906,28.862297238404864,-80.81443226753393,-23.800000000000097,-756.8640458587245,-699.8496135911906
2023-06-08,0.0,0.0,317.4852696224535,93.5,317.4852696224535,93.5
2023-06-09,0.0,0.0,-43.293445857607296,-25.5,-43.293445857607296,-25.5
2023-06-12,0.0,0.0,-124.10787812514124,-109.65000000000029,-124.10787812514124,-109.65000000000029
2023-06-13,0.0,0.0,-0.0,15.30000000000058,0.0,15.30000000000058
2023-06-14,0.0,0.0,-0.0,114.75,0.0,114.75
2023-06-15,0.0,0.0,-0.0,153.0,0.0,153.0
2023-06-16,0.0,0.0,0.0,-45.89999999999981,0.0,-45.89999999999981
2023-06-19,0.0,0.0,0.0,-19.550000000000097,0.0,-19.550000000000097
2023-06-20,0.0,0.0,-0.0,8.5,0.0,8.5
2023-06-21,0.0,0.0,0.0,-39.10000000000019,0.0,-39.10000000000019
2023-06-22,0.0,0.0,-0.0,51.0,0.0,51.0
2023-06-23,0.0,0.0,-0.0,15.300000000000097,0.0,15.300000000000097
2023-06-26,0.0,0.0,0.0,0.0,0.0,0.0
2023-06-27,0.0,0.0,0.0,0.0,0.0,0.0
2023-06-28,0.0,0.0,-0.0,-0.0,0.0,0.0
2023-06-29,0.0,0.0,-0.0,-0.0,0.0,0.0
2023-06-30,0.0,0.0,-0.0,-0.0,0.0,0.0
2023-07-03,0.0,0.0,0.0,0.0,0.0,0.0
2023-07-04,0.0,0.0,-0.0,-0.0,0.0,0.0
2023-07-05,0.0,0.0,-0.0,-0.0,0.0,0.0
2023-07-06,0.0,0.0,-0.0,68.0,0.0,68.0
2023-07-07,0.0,0.0,-0.0,71.3999999999998,0.0,71.3999999999998
2023-07-10,0.0,0.0,-0.0,280.5,0.0,280.5
2023-07-11,0.0,0.0,0.0,-272.8499999999997,0.0,-272.8499999999997
2023-07-12,0.0,0.0,0.0,-7.65000000000029,0.0,-7.65000000000029
2023-07-13,0.0,0.0,0.0,-247.3499999999997,0.0,-247.3499999999997
2023-07-14,0.0,0.0,-0.0,76.5,0.0,76.5
2023-07-17,0.0,0.0,0.0,-76.5,0.0,-76.5
2023-07-18,0.0,0.0,0.0,-38.25,0.0,-38.25
2023-07-19,0.0,0.0,0.0,-119.0,0.0,-119.0
2023-07-20,0.0,0.0,-0.0,29.75,0.0,29.75
2023-07-21,0.0,0.0,-0.0,-0.0,0.0,0.0
2023-07-24,0.0,0.0,-0.0,-0.0,0.0,0.0
2023-07-25,0.0,0.0,-0.0,-0.0,0.0,0.0
2023-07-26,0.0,0.0,0.0,-21.25,0.0,-21.25
2023-07-27,0.0,0.0,0.0,-30.600000000000193,0.0,-30.600000000000193
2023-07-28,0.0,0.0,-0.0,239.69999999999942,0.0,239.69999999999942
2023-07-31,0.0,0.0,-0.0,86.70000000000087,0.0,86.70000000000087
2023-08-01,0.0,0.0,0.0,-81.59999999999971,0.0,-81.59999999999971
2023-08-02,0.0,0.0,-0.0,159.7999999999996,0.0,159.7999999999996
2023-08-03,0.0,0.0,-0.0,272.0,0.0,272.0
2023-08-04,0.0,0.0,-0.0,47.60000000000116,0.0,47.60000000000116
2023-08-07,0.0,0.0,0.0,-190.40000000000077,0.0,-190.40000000000077
2023-08-08,0.0,0.0,0.0,-275.4000000000008,0.0,-275.4000000000008
2023-08-09,0.0,0.0,-0.0,132.59999999999923,0.0,132.59999999999923
2023-08-10,0.0,0.0,-0.0,13.60000000000116,0.0,13.60000000000116
2023-08-11,0.0,0.0,-0.0,136.0,0.0,136.0
2023-08-14,0.0,0.0,-0.0,272.0,0.0,272.0
2023-08-16,0.0,0.0,0.0,-132.59999999999923,0.0,-132.59999999999923
2023-08-17,0.0,0.0,-0.0,346.7999999999996,0.0,346.7999999999996
2023-08-18,0.0,0.0,0.0,-197.2000000000004,0.0,-197.2000000000004
2023-08-21,0.0,0.0,-0.0,210.7999999999996,0.0,210.7999999999996
2023-08-22,0.0,0.0,-0.0,57.79999999999961,0.0,57.79999999999961
2023-08-23,0.0,0.0,0.0,-217.59999999999923,0.0,-217.59999999999923
2023-08-24,0.0,0.0,0.0,-146.2000000000004,0.0,-146.2000000000004
2023-08-25,0.0,0.0,-0.0,140.25,0.0,140.25
2023-08-28,0.0,0.0,0.0,-102.0,0.0,-102.0
2023-08-29,0.0,0.0,0.0,0.0,0.0,0.0
2023-08-30,0.0,0.0,-0.0,-0.0,0.0,0.0
2023-08-31,0.0,0.0,0.0,0.0,0.0,0.0
2023-09-01,0.0,0.0,0.0,0.0,0.0,0.0
2023-09-04,0.0,0.0,-0.0,-0.0,0.0,0.0
2023-09-05,0.0,0.0,-0.0,-0.0,0.0,0.0
2023-09-06,0.0,0.0,-0.0,-0.0,0.0,0.0
2023-09-07,0.0,0.0,-0.0,-0.0,0.0,0.0
2023-09-08,0.0,0.0,0.0,-67.1499999999998,0.0,-67.1499999999998
2023-09-11,0.0,0.0,-0.0,117.29999999999961,0.0,117.29999999999961
2023-09-12,0.0,0.0,-0.0,38.25,0.0,38.25
2023-09-13,0.0,0.0,0.0,-58.65000000000029,0.0,-58.65000000000029
2023-09-14,0.0,0.0,0.0,-51.0,0.0,-51.0
2023-09-15,0.0,0.0,-0.0,8.5,0.0,8.5
2023-09-18,0.0,0.0,-0.0,-0.0,0.0,0.0
2023-09-19,0.0,0.0,0.0,0.0,0.0,0.0
2023-09-20,0.0,0.0,-0.0,-0.0,0.0,0.0
2023-09-21,0.0,0.0,-0.0,66.3000000000001,0.0,66.3000000000001
2023-09-22,0.0,0.0,0.0,-59.5,0.0,-59.5
2023-09-25,0.0,0.0,-0.0,50.99999999999855,0.0,50.99999999999855
2023-09-26,0.0,0.0,-0.0,102.00000000000145,0.0,102.00000000000145
2023-09-27,0.0,0.0,0.0,-109.65000000000174,0.0,-109.65000000000174
2023-10-04,0.0,0.0,-0.0,951.1500000000017,0.0,951.1500000000017
2023-10-05,0.0,0.0,0.0,-127.5,0.0,-127.5
2023-10-06,0.0,0.0,0.0,-154.7000000000004,0.0,-154.7000000000004
2023-10-10,0.0,0.0,0.0,-16.15000000000029,0.0,-16.15000000000029
2023-10-11,0.0,0.0,0.0,0.0,0.0,0.0
2023-10-12,0.0,0.0,0.0,0.0,0.0,0.0
2023-10-13,0.0,0.0,-0.0,-0.0,0.0,0.0
2023-10-16,0.0,0.0,-0.0,-0.0,0.0,0.0
2023-10-17,0.0,0.0,-0.0,-0.0,0.0,0.0
2023-10-18,0.0,0.0,-0.0,-0.0,0.0,0.0
2023-10-19,0.0,0.0,-0.0,63.75000000000048,0.0,63.75000000000048
2023-10-20,0.0,0.0,0.0,-73.1000000000002,0.0,-73.1000000000002
2023-10-23,0.0,0.0,-0.0,147.89999999999884,0.0,147.89999999999884
2023-10-24,0.0,0.0,0.0,-293.25,0.0,-293.25
2023-10-25,0.0,0.0,-0.0,68.84999999999971,0.0,68.84999999999971
2023-10-26,0.0,0.0,-0.0,290.6999999999994,0.0,290.6999999999994
2023-10-27,0.0,0.0,0.0,-283.04999999999916,0.0,-283.04999999999916
2023-10-30,0.0,0.0,-0.0,38.25,0.0,38.25
2023-10-31,0.0,0.0,-0.0,76.5,0.0,76.5
2023-11-01,0.0,0.0,0.0,-127.5,0.0,-127.5
2023-11-02,0.0,0.0,0.0,-318.75,0.0,-318.75
2023-11-03,0.0,0.0,0.0,-153.00000000000145,0.0,-153.00000000000145
2023-11-06,0.0,0.0,0.0,-112.19999999999797,0.0,-112.19999999999797
2023-11-07,0.0,0.0,-0.0,0.0,0.0,0.0
2023-11-08,0.0,0.0,0.0,-44.20000000000039,0.0,-44.20000000000039
2023-11-09,0.0,0.0,0.0,-80.75,0.0,-80.75
2023-11-10,375.9272264787419,0.0,-0.0,-0.0,375.9272264787419,375.9272264787419
2023-11-13,804.7135302801412,0.0,-0.0,-0.0,804.7135302801412,804.7135302801412
2023-11-14,-161.31129296268765,0.0,0.0,0.0,-161.31129296268765,-161.31129296268765
2023-11-15,-2964.482488804772,0.0,0.0,0.0,-2964.482488804772,-2964.482488804772
2023-11-16,0.0,0.0,0.0,0.0,0.0,0.0
2023-11-17,0.0,0.0,-0.0,12.75,0.0,12.75
2023-11-20,0.0,0.0,0.0,-51.0,0.0,-51.0
2023-11-21,0.0,0.0,0.0,-29.75,0.0,-29.75
2023-11-22,0.0,0.0,-0.0,-0.0,0.0,0.0
2023-11-23,0.0,0.0,0.0,0.0,0.0,0.0
2023-11-24,0.0,0.0,-0.0,-0.0,0.0,0.0
2023-11-27,0.0,0.0,0.0,-11.050000000000097,0.0,-11.050000000000097
2023-11-28,0.0,0.0,0.0,-45.89999999999981,0.0,-45.89999999999981
2023-11-29,0.0,0.0,0.0,-242.25,0.0,-242.25
2023-11-30,0.0,0.0,-0.0,145.3499999999997,0.0,145.3499999999997
2023-12-01,0.0,0.0,-0.0,5.100000000000193,0.0,5.100000000000193
2023-12-04,0.0,0.0,0.0,-63.75,0.0,-63.75
2023-12-05,0.0,0.0,0.0,0.0,0.0,0.0
2023-12-06,0.0,0.0,0.0,0.0,0.0,0.0
2023-12-07,0.0,0.0,-0.0,-0.0,0.0,0.0
2023-12-08,0.0,0.0,0.0,0.0,0.0,0.0
2023-12-11,0.0,0.0,-0.0,-0.0,0.0,0.0
2023-12-12,0.0,0.0,0.0,0.0,0.0,0.0
2023-12-13,0.0,0.0,0.0,0.0,0.0,0.0
2023-12-14,0.0,0.0,0.0,0.0,0.0,0.0
2023-12-15,0.0,0.0,-0.0,-0.0,0.0,0.0
2023-12-18,0.0,0.0,0.0,-7.649999999999807,0.0,-7.649999999999807
2023-12-19,0.0,0.0,0.0,-54.39999999999981,0.0,-54.39999999999981
2023-12-20,-104.28758819902502,0.0,0.0,-49.30000000000058,-104.28758819902502,-153.58758819902562
2023-12-21,179.6571775640834,0.0,-0.0,12.75,179.6571775640834,192.4071775640834
2023-12-22,-5.542370536995214,0.0,0.0,0.0,-5.542370536995214,-5.542370536995214
2023-12-26,-7.125904976136494,0.0,0.0,0.0,-7.125904976136494,-7.125904976136494
2023-12-27,83.09856741568557,0.0,0.0,0.0,83.09856741568557,83.09856741568557
2023-12-28,-96.18122185822818,0.0,0.0,-68.0,-96.18122185822818,-164.18122185822818
2024-01-02,230.14158547152059,0.0,-0.0,110.5,230.14158547152059,340.64158547152056
2024-01-03,-191.9110741478042,0.0,-0.0,25.5,-191.9110741478042,-166.4110741478042
2024-01-04,45.885508095871096,0.0,0.0,0.0,45.885508095871096,45.885508095871096
2024-01-05,173.7374187368989,0.0,-0.0,-0.0,173.7374187368989,173.7374187368989
2024-01-08,158.88253571016432,0.0,-0.0,-0.0,158.88253571016432,158.88253571016432
2024-01-09,9.086827705437877,0.0,0.0,0.0,9.086827705437877,9.086827705437877
2024-01-10,166.80020790586184,0.0,-0.0,-0.0,166.80020790586184,166.80020790586184
2024-01-11,-57.19593395417258,0.0,0.0,0.0,-57.19593395417258,-57.19593395417258
2024-01-12,1.7722285842215642,0.0,0.0,0.0,1.7722285842215642,1.7722285842215642
2024-01-15,192.51414722228506,0.0,0.0,0.0,192.51414722228506,192.51414722228506
2024-01-16,93.20284712502509,0.0,-0.0,-0.0,93.20284712502509,93.20284712502509
2024-01-17,-124.04477804903732,0.0,-0.0,-0.0,-124.04477804903732,-124.04477804903732
2024-01-18,0.0,0.0,-0.0,-0.0,0.0,0.0
2024-01-19,0.0,0.0,-0.0,36.5500000000001,0.0,36.5500000000001
2024-01-22,0.0,0.0,0.0,-68.0,0.0,-68.0
2024-01-23,0.0,0.0,-0.0,0.0,0.0,0.0
2024-01-24,0.0,0.0,-0.0,56.09999999999971,0.0,56.09999999999971
2024-01-25,0.0,0.0,-0.0,45.90000000000029,0.0,45.90000000000029
2024-01-26,0.0,0.0,0.0,-71.40000000000029,0.0,-71.40000000000029
2024-01-29,0.0,0.0,-0.0,137.69999999999942,0.0,137.69999999999942
2024-01-30,0.0,0.0,0.0,-203.99999999999855,0.0,-203.99999999999855
2024-01-31,0.0,0.0,0.0,-27.200000000000387,0.0,-27.200000000000387
2024-02-01,0.0,0.0,-0.0,0.0,0.0,0.0
2024-02-02,0.0,0.0,0.0,0.0,0.0,0.0
2024-02-05,0.0,0.0,-0.0,-0.0,0.0,0.0
2024-02-06,0.0,0.0,-0.0,-0.0,0.0,0.0
2024-02-07,0.0,0.0,0.0,-1.6999999999999034,0.0,-1.6999999999999034
2024-02-08,0.0,0.0,-0.0,39.10000000000019,0.0,39.10000000000019
2024-02-13,0.0,0.0,-0.0,102.0,0.0,102.0
2024-02-14,0.0,0.0,-0.0,127.5,0.0,127.5
2024-02-15,0.0,0.0,0.0,-38.25,0.0,-38.25
2024-02-16,0.0,0.0,-0.0,0.0,0.0,0.0
2024-02-19,0.0,0.0,0.0,-33.15000000000029,0.0,-33.15000000000029
2024-02-20,0.0,0.0,-0.0,63.75,0.0,63.75
2024-02-21,0.0,0.0,0.0,-43.34999999999971,0.0,-43.34999999999971
2024-02-22,0.0,0.0,0.0,-114.75,0.0,-114.75
2024-02-23,0.0,0.0,-0.0,127.5,0.0,127.5
2024-02-26,0.0,0.0,0.0,-134.30000000000058,0.0,-134.30000000000058
2024-02-27,0.0,0.0,-0.0,24.65000000000029,0.0,24.65000000000029
2024-02-28,0.0,0.0,-0.0,-0.0,0.0,0.0
2024-02-29,0.0,0.0,-0.0,-0.0,0.0,0.0
2024-03-04,0.0,0.0,0.0,-38.25,0.0,-38.25
2024-03-05,0.0,0.0,0.0,-17.0,0.0,-17.0
2024-03-06,0.0,0.0,0.0,-32.3000000000001,0.0,-32.3000000000001
2024-03-07,0.0,0.0,-0.0,-0.0,0.0,0.0
2024-03-08,0.0,0.0,0.0,0.0,0.0,0.0
2024-03-11,0.0,0.0,-0.0,-0.0,0.0,0.0
2024-03-12,0.0,0.0,0.0,0.0,0.0,0.0
2024-03-13,0.0,0.0,0.0,0.0,0.0,0.0
2024-03-14,0.0,0.0,-0.0,-0.0,0.0,0.0
2024-03-15,0.0,0.0,-0.0,46.75,0.0,46.75
2024-03-18,0.0,0.0,-0.0,37.39999999999981,0.0,37.39999999999981
2024-03-19,0.0,0.0,-0.0,109.65000000000029,0.0,109.65000000000029
2024-03-20,0.0,0.0,0.0,-89.25,0.0,-89.25
2024-03-21,0.0,0.0,0.0,-81.59999999999971,0.0,-81.59999999999971
2024-03-22,0.0,0.0,0.0,-112.20000000000087,0.0,-112.20000000000087
2024-03-25,0.0,0.0,-0.0,54.40000000000077,0.0,54.40000000000077
2024-03-26,0.0,0.0,-0.0,135.99999999999952,0.0,135.99999999999952
2024-03-27,0.0,0.0,0.0,-188.69999999999942,0.0,-188.69999999999942
2024-03-28,0.0,0.0,-0.0,21.25,0.0,21.25
2024-03-29,0.0,0.0,-0.0,93.49999999999952,0.0,93.49999999999952
2024-04-01,0.0,0.0,0.0,-88.40000000000077,0.0,-88.40000000000077
2024-04-02,0.0,0.0,-0.0,166.60000000000116,0.0,166.60000000000116
2024-04-03,0.0,0.0,-0.0,85.0,0.0,85.0
2024-04-04,0.0,0.0,-0.0,38.25000000000145,0.0,38.25000000000145
2024-04-05,0.0,0.0,0.0,-122.40000000000174,0.0,-122.40000000000174
2024-04-08,0.0,0.0,-0.0,309.3999999999993,0.0,309.3999999999993
2024-04-09,0.0,0.0,-0.0,107.10000000000068,0.0,107.10000000000068
2024-04-11,0.0,0.0,-0.0,487.9000000000027,0.0,487.9000000000027
2024-04-12,0.0,0.0,0.0,-297.5000000000034,0.0,-297.5000000000034
2024-04-15,0.0,0.0,-0.0,119.0,0.0,119.0
2024-04-16,0.0,0.0,-0.0,416.5,0.0,416.5
2024-04-17,0.0,0.0,0.0,-11.899999999999324,0.0,-11.899999999999324
2024-04-18,0.0,0.0,0.0,-357.0,0.0,-357.0
2024-04-19,0.0,0.0,-0.0,127.5,0.0,127.5
2024-04-22,0.0,0.0,-0.0,263.49999999999955,0.0,263.49999999999955
2024-04-23,0.0,0.0,0.0,-57.79999999999961,0.0,-57.79999999999961
2024-04-24,0.0,0.0,-0.0,57.79999999999961,0.0,57.79999999999961
2024-04-25,0.0,0.0,-0.0,150.44999999999942,0.0,150.44999999999942
2024-04-26,0.0,0.0,0.0,-66.29999999999913,0.0,-66.29999999999913
2024-04-29,0.0,0.0,-0.0,12.75,0.0,12.75
2024-04-30,0.0,0.0,0.0,-68.0,0.0,-68.0
2024-05-02,0.0,0.0,0.0,-6.800000000000097,0.0,-6.800000000000097
2024-05-03,0.0,0.0,0.0,-21.25,0.0,-21.25
2024-05-07,0.0,0.0,0.0,-68.0,0.0,-68.0
2024-05-08,0.0,0.0,0.0,-4.25,0.0,-4.25
2024-05-09,0.0,0.0,-0.0,-0.0,0.0,0.0
2024-05-10,0.0,0.0,0.0,0.0,0.0,0.0
2024-05-13,0.0,0.0,-0.0,-0.0,0.0,0.0
2024-05-14,0.0,0.0,0.0,0.0,0.0,0.0
2024-05-16,0.0,0.0,0.0,0.0,0.0,0.0
2024-05-17,0.0,0.0,0.0,0.0,0.0,0.0
2024-05-20,0.0,0.0,-0.0,-0.0,0.0,0.0
2024-05-21,0.0,0.0,0.0,0.0,0.0,0.0
2024-05-22,0.0,0.0,0.0,0.0,0.0,0.0
2024-05-23,0.0,0.0,0.0,0.0,0.0,0.0
2024-05-24,0.0,0.0,-0.0,-0.0,0.0,0.0
2024-05-27,0.0,0.0,0.0,-8.5,0.0,-8.5
2024-05-28,0.0,0.0,0.0,-34.0,0.0,-34.0
2024-05-29,0.0,0.0,-0.0,147.9000000000003,0.0,147.9000000000003
2024-05-30,0.0,0.0,-0.0,68.84999999999971,0.0,68.84999999999971
2024-05-31,0.0,0.0,-0.0,45.90000000000029,0.0,45.90000000000029
2024-06-03,0.0,0.0,0.0,-109.65000000000029,0.0,-109.65000000000029
2024-06-04,0.0,0.0,0.0,-165.75,0.0,-165.75
2024-06-05,0.0,0.0,0.0,-102.0,0.0,-102.0
2024-06-07,0.0,0.0,0.0,-79.8999999999998,0.0,-79.8999999999998
2024-06-10,0.0,0.0,-0.0,39.9499999999999,0.0,39.9499999999999
2024-06-11,0.0,0.0,0.0,0.0,0.0,0.0
2024-06-12,0.0,0.0,0.0,0.0,0.0,0.0
2024-06-13,0.0,0.0,0.0,0.0,0.0,0.0
2024-06-14,0.0,0.0,0.0,0.0,0.0,0.0
2024-06-17,0.0,0.0,0.0,0.0,0.0,0.0
2024-06-18,0.0,0.0,-0.0,-0.0,0.0,0.0
2024-06-19,0.0,0.0,0.0,0.0,0.0,0.0
2024-06-20,0.0,0.0,-0.0,-0.0,0.0,0.0
2024-06-21,0.0,0.0,0.0,0.0,0.0,0.0
2024-06-24,0.0,0.0,-0.0,-0.0,0.0,0.0
2024-06-25,0.0,0.0,-0.0,-0.0,0.0,0.0
2024-06-26,0.0,0.0,-0.0,-0.0,0.0,0.0
2024-06-27,0.0,0.0,-0.0,-0.0,0.0,0.0
2024-06-28,0.0,0.0,0.0,0.0,0.0,0.0
2024-07-01,0.0,0.0,-0.0,-0.0,0.0,0.0
2024-07-02,0.0,0.0,0.0,-22.949999999999903,0.0,-22.949999999999903
2024-07-03,0.0,0.0,0.0,-8.5,0.0,-8.5
2024-07-04,0.0,0.0,0.0,-102.0,0.0,-102.0
2024-07-05,0.0,0.0,0.0,-51.0,0.0,-51.0
2024-07-08,0.0,0.0,0.0,-12.75,0.0,-12.75
2024-07-09,0.0,0.0,0.0,-17.0,0.0,-17.0
2024-07-10,0.0,0.0,0.0,-4.25,0.0,-4.25
2024-07-11,0.0,0.0,-0.0,-0.0,0.0,0.0
2024-07-12,0.0,0.0,0.0,0.0,0.0,0.0
2024-07-15,0.0,0.0,-0.0,-0.0,0.0,0.0
2024-07-16,0.0,0.0,0.0,0.0,0.0,0.0
2024-07-17,0.0,0.0,-0.0,-0.0,0.0,0.0
2024-07-18,0.0,0.0,0.0,0.0,0.0,0.0
2024-07-19,0.0,0.0,-0.0,-0.0,0.0,0.0
2024-07-22,0.0,0.0,0.0,0.0,0.0,0.0
2024-07-23,0.0,0.0,-0.0,-0.0,0.0,0.0
2024-07-24,0.0,0.0,0.0,0.0,0.0,0.0
2024-07-25,0.0,0.0,0.0,0.0,0.0,0.0
2024-07-26,0.0,0.0,0.0,-15.299999999999613,0.0,-15.299999999999613
2024-07-29,0.0,0.0,0.0,-105.40000000000077,0.0,-105.40000000000077
2024-07-30,0.0,0.0,-0.0,22.100000000000193,0.0,22.100000000000193
2024-07-31,0.0,0.0,-0.0,1.6999999999999034,0.0,1.6999999999999034
2024-08-01,0.0,0.0,0.0,0.0,0.0,0.0
2024-08-02,0.0,0.0,0.0,0.0,0.0,0.0
2024-08-05,0.0,0.0,0.0,0.0,0.0,0.0
2024-08-06,0.0,0.0,-0.0,-0.0,0.0,0.0
2024-08-07,0.0,0.0,-0.0,-0.0,0.0,0.0
2024-08-08,0.0,0.0,0.0,0.0,0.0,0.0
2024-08-09,0.0,0.0,-0.0,10.199999999999903,0.0,10.199999999999903
2024-08-12,0.0,0.0,0.0,-17.0,0.0,-17.0
2024-08-13,0.0,0.0,0.0,-68.84999999999971,0.0,-68.84999999999971
2024-08-14,0.0,0.0,0.0,-89.25,0.0,-89.25
2024-08-16,0.0,0.0,-0.0,59.5,0.0,59.5
2024-08-19,0.0,0.0,-0.0,8.5,0.0,8.5
2024-08-20,0.0,0.0,-0.0,12.75,0.0,12.75
2024-08-21,0.0,0.0,0.0,-2.5500000000000966,0.0,-2.5500000000000966
2024-08-22,0.0,0.0,0.0,-12.749999999999517,0.0,-12.749999999999517
2024-08-23,0.0,0.0,-0.0,19.549999999999613,0.0,19.549999999999613
2024-08-26,0.0,0.0,0.0,-25.5,0.0,-25.5
2024-08-27,0.0,0.0,-0.0,153.0,0.0,153.0
2024-08-28,0.0,0.0,0.0,-38.25,0.0,-38.25
2024-08-29,0.0,0.0,-0.0,74.79999999999961,0.0,74.79999999999961
2024-08-30,0.0,0.0,-0.0,54.40000000000077,0.0,54.40000000000077
2024-09-02,0.0,0.0,-0.0,125.79999999999961,0.0,125.79999999999961
2024-09-03,0.0,0.0,0.0,-17.0,0.0,-17.0
2024-09-04,0.0,0.0,0.0,-248.2000000000004,0.0,-248.2000000000004
2024-09-05,0.0,0.0,0.0,-51.0,0.0,-51.0
2024-09-06,0.0,0.0,0.0,-114.75,0.0,-114.75
2024-09-09,0.0,0.0,-0.0,73.1000000000002,0.0,73.1000000000002
2024-09-10,0.0,0.0,0.0,-19.550000000000097,0.0,-19.550000000000097
2024-09-11,0.0,0.0,0.0,-117.29999999999961,0.0,-117.29999999999961
2024-09-12,0.0,0.0,-0.0,81.59999999999971,0.0,81.59999999999971
2024-09-13,0.0,0.0,0.0,-109.65000000000029,0.0,-109.65000000000029
2024-09-19,0.0,0.0,-0.0,107.09999999999971,0.0,107.09999999999971
2024-09-20,0.0,0.0,-0.0,58.65000000000029,0.0,58.65000000000029
2024-09-23,0.0,0.0,-0.0,84.15000000000029,0.0,84.15000000000029
2024-09-24,0.0,0.0,-0.0,17.84999999999971,0.0,17.84999999999971
2024-09-25,0.0,0.0,0.0,-89.25,0.0,-89.25
2024-09-26,0.0,0.0,-0.0,7.65000000000029,0.0,7.65000000000029
2024-09-27,0.0,0.0,0.0,-7.65000000000029,0.0,-7.65000000000029
2024-09-30,0.0,0.0,0.0,-12.75,0.0,-12.75
2024-10-02,0.0,0.0,0.0,-145.3499999999997,0.0,-145.3499999999997
2024-10-04,0.0,0.0,-0.0,153.0,0.0,153.0
2024-10-07,0.0,0.0,-0.0,270.3000000000006,0.0,270.3000000000006
2024-10-08,0.0,0.0,0.0,-53.55000000000058,0.0,-53.55000000000058
2024-10-10,0.0,0.0,-0.0,17.85000000000116,0.0,17.85000000000116
2024-10-11,0.0,0.0,0.0,-25.50000000000145,0.0,-25.50000000000145
2024-10-14,0.0,0.0,-0.0,17.85000000000116,0.0,17.85000000000116
2024-10-15,0.0,0.0,0.0,-94.35000000000116,0.0,-94.35000000000116
2024-10-16,0.0,0.0,0.0,-107.09999999999971,0.0,-107.09999999999971
2024-10-17,0.0,0.0,-0.0,54.39999999999981,0.0,54.39999999999981
2024-10-18,0.0,0.0,-0.0,36.5500000000001,0.0,36.5500000000001
2024-10-21,0.0,0.0,0.0,0.0,0.0,0.0
2024-10-22,0.0,0.0,-0.0,-0.0,0.0,0.0
2024-10-23,0.0,0.0,-0.0,-0.0,0.0,0.0
2024-10-24,0.0,0.0,0.0,-48.4499999999999,0.0,-48.4499999999999
2024-10-25,0.0,0.0,0.0,-17.0,0.0,-17.0
2024-10-28,0.0,0.0,-0.0,170.8499999999997,0.0,170.8499999999997
2024-10-29,0.0,0.0,0.0,-17.84999999999971,0.0,-17.84999999999971
2024-10-30,0.0,0.0,0.0,-45.90000000000029,0.0,-45.90000000000029
2024-10-31,0.0,0.0,0.0,-11.899999999999807,0.0,-11.899999999999807
2024-11-01,0.0,0.0,0.0,-8.5,0.0,-8.5
2024-11-04,0.0,0.0,-0.0,8.5,0.0,8.5
2024-11-05,0.0,0.0,0.0,-51.0,0.0,-51.0
2024-11-06,0.0,0.0,-0.0,158.0999999999997,0.0,158.0999999999997
2024-11-07,0.0,0.0,0.0,-109.65000000000029,0.0,-109.65000000000029
2024-11-08,0.0,0.0,0.0,-145.3499999999997,0.0,-145.3499999999997
2024-11-11,0.0,0.0,0.0,-5.09999999999971,0.0,-5.09999999999971
2024-11-12,0.0,0.0,0.0,-51.0,0.0,-51.0
2024-11-13,0.0,0.0,-0.0,79.8999999999998,0.0,79.8999999999998
2024-11-14,0.0,0.0,-0.0,11.050000000000097,0.0,11.050000000000097
2024-11-15,0.0,0.0,-0.0,8.5,0.0,8.5
2024-11-18,0.0,0.0,0.0,-51.0,0.0,-51.0
2024-11-19,0.0,0.0,0.0,-85.0,0.0,-85.0
2024-11-20,0.0,0.0,0.0,-74.79999999999961,0.0,-74.79999999999961
2024-11-21,0.0,0.0,0.0,-112.20000000000039,0.0,-112.20000000000039
2024-11-22,0.0,0.0,-0.0,0.0,0.0,0.0
2024-11-25,0.0,0.0,0.0,-153.0,0.0,-153.0
2024-11-26,0.0,0.0,0.0,-45.90000000000029,0.0,-45.90000000000029
2024-11-27,0.0,0.0,0.0,-53.55000000000058,0.0,-53.55000000000058
2024-11-28,0.0,0.0,0.0,-244.79999999999913,0.0,-244.79999999999913
2024-11-29,0.0,0.0,0.0,-63.75,0.0,-63.75
2024-12-02,0.0,0.0,0.0,-153.0,0.0,-153.0
2024-12-03,0.0,0.0,-0.0,30.60000000000116,0.0,30.60000000000116
2024-12-04,0.0,0.0,-0.0,135.14999999999884,0.0,135.14999999999884
2024-12-05,0.0,0.0,0.0,-76.5,0.0,-76.5
2024-12-06,0.0,0.0,-0.0,22.95000000000087,0.0,22.95000000000087
2024-12-09,0.0,0.0,0.0,-183.60000000000116,0.0,-183.60000000000116
2024-12-10,150.51788365935082,0.0,0.0,-81.59999999999971,150.51788365935082,68.9178836593511
2024-12-11,-870.1703812460293,32.28728477014862,-0.0,119.84999999999971,-870.1703812460293,-750.3203812460296
2024-12-12,-116.63233533246266,32.28728477014862,41.973470201193564,44.20000000000039,-74.6588651312691,-72.43233533246227
2024-12-13,-1033.0817563435246,32.28728477014862,-161.43642385074307,-106.25,-1194.5181801942676,-1139.3317563435246
2024-12-16,-535.3264656156686,-17.278370820863824,358.3888609486541,157.25000000000193,-176.93760466701445,-378.0764656156666
2024-12-17,546.198222329499,-17.278370820863824,638.4529348170526,265.19999999999845,1184.6511571465517,811.3982223294975
2024-12-18,-166.928088959305,-17.278370820863824,-367.6421452653194,-187.0,-534.5702342246244,-353.928088959305
2024-12-19,-873.5489248359855,-17.278370820863824,388.76334346943605,191.25,-484.7855813665495,-682.2989248359855
2024-12-20,-1277.550042671974,-17.278370820863824,259.17556231295737,127.5,-1018.3744803590167,-1150.050042671974
2024-12-23,-1171.945708384082,-17.278370820863824,-77.75266869388722,-38.25,-1249.6983770779693,-1210.195708384082
2024-12-24,0.0,0.0,202.15693860410556,99.44999999999942,202.15693860410556,99.44999999999942
2024-12-26,0.0,0.0,155.50533738777736,102.00000000000193,155.50533738777736,102.00000000000193
2024-12-27,0.0,0.0,-150.32182614151702,-123.25000000000145,-150.32182614151702,-123.25000000000145
2024-12-30,0.0,0.0,-72.56915744762688,-71.39999999999884,-72.56915744762688,-71.39999999999884
2025-01-02,0.0,0.0,-668.6729507674318,-767.550000000002,-668.6729507674318,-767.550000000002
2025-01-03,3873.12774118612,32.27303180437367,119.22075866396098,136.85000000000068,3992.348499850081,4009.977741186121
2025-01-06,0.0,0.0,462.5947934683083,327.25,462.5947934683083,327.25
2025-01-07,337.2879690196058,0.0,-218.6811750941113,-154.70000000000135,118.60679392549449,182.58796901960443
2025-01-08,414.2632304828942,0.0,-75.69732984026672,-53.54999999999865,338.56590064262747,360.71323048289554
2025-01-09,-17.83588683435684,0.0,46.651601216331144,53.54999999999865,28.815714381974303,35.714113165641805
2025-01-10,-757.7252860448925,18.08395344938496,238.44151732792196,273.70000000000135,-519.2837687169706,-484.0252860448912
2025-01-13,-790.3114442311922,18.08395344938496,244.71673069191752,208.25,-545.5947135392747,-582.0614442311922
2025-01-14,694.301180918945,50.601362180862296,-264.0090580840842,-178.5,430.2921228348608,515.801180918945
2025-01-15,-1568.2744792822486,50.601362180862296,401.95270647245343,172.55000000000203,-1166.3217728097952,-1395.7244792822466
2025-01-16,3020.3683950358068,32.51740873147733,-1095.1794577516923,-380.800000000002,1925.1889372841144,2639.5683950358048
2025-01-17,3217.3587968331444,32.51740873147733,61.21513472972295,20.39999999999884,3278.5739315628675,3237.758796833143
2025-01-20,3050.0290844675133,32.51740873147733,522.4260206816166,216.75000000000097,3572.45510514913,3266.779084467514
2025-01-21,8.050487023428083,17.90696444052439,-285.0931185442531,-187.0,-277.042631520825,-178.94951297657192
2025-01-22,304.5931791221842,17.90696444052439,72.56915744762688,47.59999999999923,377.1623365698111,352.19317912218344
2025-01-23,-132.04059490500336,17.90696444052439,20.734044985037375,15.30000000000058,-111.30654991996599,-116.74059490500278
2025-01-24,-464.2298169546174,17.90696444052439,53.56294954467825,52.70000000000039,-410.66686740993913,-411.529816954617
2025-01-31,-987.2159597625159,17.90696444052439,0.0,-3.3999999999998067,-987.2159597625159,-990.6159597625158
2025-02-03,378.19683011445653,17.98413756832816,0.0,0.0,378.19683011445653,378.19683011445653
2025-02-04,298.69936796817206,17.98413756832816,-0.0,-0.0,298.69936796817206,298.69936796817206
2025-02-05,691.5015494269812,17.98413756832816,0.0,0.0,691.5015494269812,691.5015494269812
2025-02-06,-181.7864177049001,17.98413756832816,0.0,0.0,-181.7864177049001,-181.7864177049001
2025-02-07,-761.38237445154,17.98413756832816,-0.0,-0.0,-761.38237445154,-761.38237445154
2025-02-10,422.4523515429324,17.98413756832816,0.0,0.0,422.4523515429324,422.4523515429324
2025-02-11,61.68457676398893,17.98413756832816,-0.0,-0.0,61.68457676398893,61.68457676398893
2025-02-12,-52.824317386236906,17.98413756832816,50.355585191319044,23.800000000000097,-2.4687321949178624,-29.02431738623681
2025-02-13,327.55951551838456,17.98413756832816,-28.77462010932546,-13.600000000000193,298.7848954090591,313.95951551838436
2025-02-14,202.313816060428,17.98413756832816,-140.27627303295782,-66.29999999999913,62.03754302747018,136.01381606042887
2025-02-17,-32.58218738997402,17.98413756832816,113.30006668046555,53.54999999999913,80.71787929049154,20.967812610025113
2025-02-18,-369.7954001873134,17.98413756832816,70.13813651648043,33.15000000000029,-299.657263670833,-336.64540018731316
2025-02-19,55.39791766308183,17.98413756832816,-26.976206352492238,-12.75,28.42171131058959,42.64791766308183
2025-02-20,65.24764944396368,17.98413756832816,53.952412704984475,25.5,119.20006214894815,90.74764944396368
2025-02-21,-66.71040218018881,17.98413756832816,-178.04296192644938,-84.15000000000029,-244.75336410663817,-150.8604021801891
2025-02-24,229.5892539783893,17.98413756832816,-161.85723811495342,-76.5,67.73201586343589,153.0892539783893
2025-02-25,-207.9250703608191,17.98413756832816,-145.67151430345749,-68.84999999999971,-353.5965846642766,-276.7750703608188
2025-02-26,-87.51276539811612,17.98413756832816,-151.0667555739561,-71.3999999999998,-238.5795209720722,-158.91276539811594
2025-02-27,286.43702090307113,17.98413756832816,-5.395241270498652,-2.5500000000000966,281.04177963257246,283.88702090307106
2025-02-28,329.19652243803085,17.98413756832816,0.0,0.0,329.19652243803085,329.19652243803085
2025-03-04,280.9107122850558,17.98413756832816,-0.0,-0.0,280.9107122850558,280.9107122850558
2025-03-05,-155.86024914163406,17.98413756832816,-0.0,-0.0,-155.86024914163406,-155.86024914163406
2025-03-06,463.55067060229965,17.98413756832816,-0.0,-0.0,463.55067060229965,463.55067060229965
2025-03-07,-251.34389721817496,17.98413756832816,-77.33179154381129,-36.5500000000001,-328.67568876198624,-287.8938972181751
2025-03-10,368.9673949005241,17.98413756832816,161.85723811495342,76.5,530.8246330154775,445.4673949005241
2025-03-11,-387.22124458141934,17.98413756832816,-269.7620635249224,-127.5,-656.9833081063417,-514.7212445814193
2025-03-12,485.83691871775954,17.98413756832816,16.185723811495958,7.65000000000029,502.0226425292555,493.48691871775986
2025-03-13,-80.90232138164389,17.98413756832816,91.719101598473,43.34999999999971,10.816780216829116,-37.55232138164418
2025-03-14,295.2937149910799,17.98413756832816,205.0191682789416,96.90000000000029,500.31288327002153,392.19371499108024
2025-03-17,147.55590554037983,17.98413756832816,-53.952412704984475,-25.5,93.60349283539534,122.05590554037983
2025-03-18,-312.840285644036,17.98413756832816,-46.75875767765362,-22.100000000000193,-359.5990433216896,-334.9402856440362
2025-03-19,2.6772772938165814,17.98413756832816,14.38731005466273,6.800000000000097,17.06458734847931,9.477277293816678
2025-03-20,85.79211354732621,17.98413756832816,0.0,0.0,85.79211354732621,85.79211354732621
2025-03-21,-72.4208356350309,17.98413756832816,-0.0,-0.0,-72.4208356350309,-72.4208356350309
2025-03-24,396.7282975344793,17.98413756832816,17.98413756832816,8.5,414.71243510280743,405.2282975344793
2025-03-25,-437.9452262046761,17.98413756832816,-7.193655027330854,-3.3999999999998067,-445.13888123200695,-441.3452262046759
2025-03-26,27.061286001893507,17.98413756832816,215.8096508199379,102.0,242.8709368218314,129.0612860018935
2025-03-27,-34.046739443056126,17.98413756832816,-32.371447622991916,-15.30000000000058,-66.41818706604803,-49.346739443056705
2025-03-28,-202.74321127448735,17.98413756832816,-37.76668889348852,-17.84999999999971,-240.50990016797587,-220.59321127448706
2025-03-31,-688.5689408731304,17.98413756832816,-393.8526127463873,-186.1500000000003,-1082.4215536195177,-874.7189408731307
2025-04-01,224.97367456427077,17.98413756832816,102.50958413947235,48.45000000000087,327.4832587037431,273.42367456427166
2025-04-02,-281.0295268731184,17.98413756832816,-75.53337778697909,-35.70000000000039,-356.5629046600975,-316.7295268731188
2025-04-03,-331.43238600315937,17.98413756832816,-34.16986137982309,-16.149999999999807,-365.60224738298245,-347.5823860031592
2025-04-04,-1408.1353080159847,17.98413756832816,0.0,0.0,-1408.1353080159847,-1408.1353080159847
2025-04-07,1535.140191233402,17.98413756832816,0.0,0.0,1535.140191233402,1535.140191233402
2025-04-08,-504.81036010616475,17.98413756832816,-0.0,-0.0,-504.81036010616475,-504.81036010616475
2025-04-09,-866.7580503124803,17.98413756832816,-0.0,-0.0,-866.7580503124803,-866.7580503124803
2025-04-10,309.51605089411305,17.98413756832816,0.0,0.0,309.51605089411305,309.51605089411305
2025-04-11,554.4170313904485,17.98413756832816,0.0,0.0,554.4170313904485,554.4170313904485
2025-04-14,-744.0662533558711,17.98413756832816,-5.395241270498652,-2.5500000000000966,-749.4614946263698,-746.6162533558712
2025-04-15,272.34624046651794,17.98413756832816,-89.92068784164078,-42.5,182.42555262487716,229.84624046651794
2025-04-16,639.5666876376988,17.98413756832816,-151.0667555739561,-71.3999999999998,488.4999320637427,568.1666876376989
2025-04-17,-737.528529964103,17.98413756832816,48.557171434485824,22.949999999999903,-688.9713585296172,-714.578529964103
2025-04-18,512.6061989241574,17.98413756832816,0.0,0.0,512.6061989241574,512.6061989241574
2025-04-21,418.9900450683724,17.98413756832816,0.0,0.0,418.9900450683724,418.9900450683724
2025-04-22,-1171.9540783376974,17.98413756832816,-0.0,-0.0,-1171.9540783376974,-1171.9540783376974
2025-04-23,181.4905189794871,0.0,0.0,0.0,181.4905189794871,181.4905189794871
2025-04-24,-335.94979455251956,0.0,-0.0,-0.0,-335.94979455251956,-335.94979455251956
2025-04-25,334.3764438877478,0.0,0.0,0.0,334.3764438877478,334.3764438877478
2025-04-28,-85.14750237165511,0.0,-0.0,-0.0,-85.14750237165511,-85.14750237165511
2025-04-29,0.0,0.0,-0.0,-0.0,0.0,0.0
2025-04-30,-102.01638404870835,0.0,0.0,0.0,-102.01638404870835,-102.01638404870835
2025-05-02,136.46227005287722,0.0,-0.0,-0.0,136.46227005287722,136.46227005287722
2025-05-07,33.83273469042079,0.0,-0.0,-0.0,33.83273469042079,33.83273469042079
2025-05-08,-88.82641025405722,0.0,-0.0,-0.0,-88.82641025405722,-88.82641025405722
2025-05-09,-231.82896098680683,0.0,-0.0,-0.0,-231.82896098680683,-231.82896098680683
2025-05-12,-27.08807023932773,0.0,-0.0,17.000000000000483,-27.08807023932773,-10.088070239327248
2025-05-13,74.31516249564496,0.0,-0.0,56.09999999999923,74.31516249564496,130.41516249564418
2025-05-14,114.89256163717099,0.0,0.0,-33.14999999999884,114.89256163717099,81.74256163717214
2025-05-15,27.70122155307578,0.0,0.0,-5.10000000000116,27.70122155307578,22.60122155307462
2025-05-16,-20.547789559479803,0.0,0.0,-102.0,-20.547789559479803,-122.54778955947981
2025-05-19,18.299568075769955,0.0,-0.0,191.25,18.299568075769955,209.54956807576997
2025-05-20,89.03079402532708,0.0,0.0,-58.65000000000029,89.03079402532708,30.380794025326793
2025-05-21,-2.452605254942924,0.0,-0.0,96.90000000000029,-2.452605254942924,94.44739474505737
2025-05-22,59.28573475978644,0.0,0.0,-51.0,59.28573475978644,8.285734759786443
2025-05-23,-29.131907951780107,0.0,-0.0,63.75,-29.131907951780107,34.61809204821989
2025-05-26,-113.87064278094489,0.0,-0.0,12.75,-113.87064278094489,-101.12064278094489
2025-05-27,30.76697812174214,0.0,0.0,-165.75,30.76697812174214,-134.98302187825786
2025-05-28,32.60643206296162,0.0,0.0,-7.65000000000029,32.60643206296162,24.956432062961333
2025-05-29,-61.94272378598703,0.0,-0.0,147.9000000000003,-61.94272378598703,85.95727621401326
2025-05-30,-26.679302696837297,0.0,-0.0,30.59999999999971,-26.679302696837297,3.920697303162413
2025-06-02,0.0,0.0,-0.0,58.65000000000029,0.0,58.65000000000029
2025-06-04,-15.73755038588345,0.0,-0.0,247.3499999999997,-15.73755038588345,231.61244961411626
2025-06-05,-193.90855087146895,0.0,0.0,-5.09999999999971,-193.90855087146895,-199.00855087146866
2025-06-09,-107.33036210109712,0.0,0.0,-71.40000000000029,-107.33036210109712,-178.7303621010974
2025-06-10,-225.69744784943722,0.0,0.0,-89.25,-225.69744784943722,-314.94744784943725
2025-06-11,-667.2808215556739,-15.557091878214013,-0.0,20.40000000000029,-667.2808215556739,-646.8808215556736
2025-06-12,-251.25846963424144,-15.557091878214013,-23.33563781732102,-38.25,-274.5941074515625,-289.50846963424146
2025-06-13,1634.3525524139432,-15.557091878214013,77.78545939107006,63.75,1712.1380118050133,1698.1025524139432
2025-06-16,886.0787484153535,-15.557091878214013,116.6781890866051,63.75,1002.7569375019586,949.8287484153535
2025-06-17,586.591585397901,-15.557091878214013,-14.001382690393143,-7.65000000000029,572.5902027075078,578.9415853979007
2025-06-18,409.1698271905725,-15.557091878214013,37.337020507714165,20.40000000000029,446.50684769828666,429.5698271905728
2025-06-19,-192.80970074674119,-15.557091878214013,9.334255126927877,5.09999999999971,-183.4754456198133,-187.70970074674148
2025-06-20,230.37423800363865,0.0,-93.34255126928143,-50.99999999999855,137.0316867343572,179.3742380036401
2025-06-23,159.48582058478334,0.0,31.114183756426254,25.49999999999855,190.6000043412096,184.9858205847819
2025-06-24,-401.2232732764404,0.0,-73.11833182760569,-119.84999999999971,-474.3416051040461,-521.0732732764401
2025-06-25,-95.74899087221331,0.0,-0.0,0.0,-95.74899087221331,-95.74899087221331
2025-06-26,-590.3562795097486,0.0,0.0,-114.75,-590.3562795097486,-705.1062795097486
2025-06-27,-174.19399769212046,0.0,-0.0,25.5,-174.19399769212046,-148.69399769212046
2025-06-30,167.56073402637594,0.0,-0.0,56.09999999999971,167.56073402637594,223.66073402637565
2025-07-01,-709.8116866661685,0.0,0.0,-56.09999999999971,-709.8116866661685,-765.9116866661682
2025-07-02,0.0,0.0,-0.0,85.0,0.0,85.0
2025-07-03,0.0,0.0,0.0,-21.25,0.0,-21.25
2025-07-04,0.0,0.0,-0.0,-0.0,0.0,0.0
2025-07-07,0.0,0.0,-0.0,-0.0,0.0,0.0
2025-07-08,0.0,0.0,-0.0,-0.0,0.0,0.0
2025-07-09,0.0,0.0,0.0,-4.25,0.0,-4.25
2025-07-10,0.0,0.0,0.0,-66.30000000000058,0.0,-66.30000000000058
2025-07-11,0.0,0.0,-0.0,56.10000000000116,0.0,56.10000000000116
2025-07-14,0.0,0.0,-0.0,145.3499999999997,0.0,145.3499999999997
2025-07-15,-97.37223664521235,0.0,0.0,-17.84999999999971,-97.37223664521235,-115.22223664521206
2025-07-16,372.7842677356111,0.0,0.0,-20.40000000000029,372.7842677356111,352.3842677356108
2025-07-17,-598.4095366737074,0.0,-0.0,89.25,-598.4095366737074,-509.1595366737074
2025-07-18,609.4159749708103,0.0,0.0,-89.25,609.4159749708103,520.1659749708103
2025-07-21,523.0501766226685,0.0,0.0,-51.0,523.0501766226685,472.05017662266846
2025-07-22,113.68687269122428,0.0,0.0,-43.34999999999971,113.68687269122428,70.33687269122457
2025-07-23,107.46466584343072,0.0,0.0,-20.40000000000029,107.46466584343072,87.06466584343043
2025-07-24,-497.9578627111081,0.0,-0.0,42.5,-497.9578627111081,-455.4578627111081
2025-07-25,-197.75830217093247,125.29333977867356,-0.0,2.5500000000000966,-197.75830217093247,-195.20830217093237
2025-07-28,1169.0385788609296,125.29333977867356,0.0,0.0,1169.0385788609296,1169.0385788609296
2025-07-29,-60.19906776412921,125.29333977867356,0.0,0.0,-60.19906776412921,-60.19906776412921
2025-07-30,1064.968588567157,125.29333977867356,0.0,0.0,1064.968588567157,1064.968588567157
2025-07-31,273.6842180109872,125.29333977867356,0.0,0.0,273.6842180109872,273.6842180109872
2025-08-01,-1360.265051041183,125.29333977867356,-0.0,-0.0,-1360.265051041183,-1360.265051041183
2025-08-04,657.4292589446967,125.29333977867356,0.0,0.0,657.4292589446967,657.4292589446967
2025-08-05,439.0697230714873,125.29333977867356,0.0,0.0,439.0697230714873,439.0697230714873
2025-08-06,-457.160081100333,125.29333977867356,-0.0,-0.0,-457.160081100333,-457.160081100333
2025-08-07,390.1198039100769,125.29333977867356,0.0,0.0,390.1198039100769,390.1198039100769
2025-08-08,125.78997980195759,125.29333977867356,-0.0,-0.0,125.78997980195759,125.78997980195759
2025-08-11,-23.0853185476169,125.29333977867356,-0.0,-0.0,-23.0853185476169,-23.0853185476169
2025-08-12,-236.89742103474038,125.29333977867356,-0.0,-0.0,-236.89742103474038,-236.89742103474038
2025-08-13,-218.6287637179179,125.29333977867356,-0.0,-0.0,-218.6287637179179,-218.6287637179179
2025-08-14,391.78341509889293,125.29333977867356,-225.52801160161383,-15.300000000000097,166.2554034972791,376.4834150988928
2025-08-18,-1059.2982526642618,125.29333977867356,1328.1094016539425,90.1000000000002,268.81114898968076,-969.1982526642616
2025-08-19,-205.15908999555612,125.29333977867356,826.9360425392624,56.10000000000116,621.7769525437063,-149.05908999555496
2025-08-20,420.12525674110725,125.29333977867356,-501.1733591147227,-34.00000000000193,-81.04810237361545,386.1252567411053
2025-08-21,334.3253650581727,125.29333977867356,-313.23334944668386,-21.25,21.09201561148882,313.0753650581727
2025-08-22,-121.83055151742423,125.29333977867356,1353.168069609683,91.80000000000058,1231.3375180922587,-30.030551517423646
2025-08-25,-189.5779844813718,125.29333977867356,-701.6427027605819,-47.600000000000676,-891.2206872419537,-237.17798448137248
2025-08-26,-166.1022950002101,125.29333977867356,300.7040154688279,20.400000000000773,134.6017204686178,-145.70229500020932
2025-08-27,1414.1002353609624,125.29333977867356,-3307.744170156993,-224.40000000000077,-1893.6439347960304,1189.7002353609616
2025-08-28,637.5924915326018,125.29333977867356,-701.6427027605605,-47.59999999999923,-64.0502112279587,589.9924915326026
2025-08-29,-347.2537209721768,125.29333977867356,-175.410675690133,-11.899999999999324,-522.6643966623097,-359.1537209721761
2025-09-01,124.30598318792866,0.0,2981.9814867324103,202.29999999999865,3106.287469920339,326.60598318792734
2025-09-02,-7.054830464773392,0.0,2192.633446126787,148.75,2185.578615662014,141.6951695352266
2025-09-03,-20.15007148527764,0.0,3420.508175957818,232.05000000000203,3400.35810447254,211.8999285147244
2025-09-04,0.0,0.0,-2718.8654731972356,-210.80000000000155,-2718.8654731972356,-210.80000000000155
2025-09-05,175.67252736092928,0.0,-1140.1693919859392,-99.45000000000087,-964.49686462501,76.22252736092841
2025-09-08,228.7649031212757,0.0,-877.0533784506649,-84.99999999999517,-648.2884753293893,143.76490312128053
2025-09-09,77.2127035716577,0.0,-2631.160135352194,-229.50000000000435,-2553.9474317805366,-152.28729642834665
2025-09-10,251.3825496753767,0.0,263.1160135352244,20.400000000000773,514.4985632106011,271.7825496753775
2025-09-11,190.7804990935867,0.0,-1578.6960812112966,-107.10000000000068,-1387.9155821177098,83.68049909358604
2025-09-12,-2.790056621816382,0.0,263.1160135352244,17.850000000000676,260.325956913408,15.059943378184295
2025-09-15,-93.82572988107822,0.0,375.8800193360206,25.5,282.05428945494236,-68.32572988107822
2025-09-16,117.02792569541651,0.0,-1440.873407454753,-97.75000000000048,-1323.8454817593365,19.27792569541603
2025-09-17,-51.518166863584376,0.0,-1102.5813900523215,-74.79999999999961,-1154.0995569159059,-126.318166863584
2025-09-18,164.47411352798207,0.0,-902.1120464064624,-61.20000000000087,-737.6379328784803,103.2741135279812
2025-09-19,4.457616085012071,0.0,1528.578745299823,103.70000000000039,1533.036361384835,108.15761608501246
2025-09-22,-266.0411592743832,0.0,451.05602320322765,30.600000000000193,185.01486392884448,-235.44115927438298
2025-09-23,-131.56762327902382,0.0,-501.1733591146942,-51.0,-632.740982393718,-182.56762327902382
2025-09-24,196.58065931643816,0.0,927.1707143621815,125.79999999999961,1123.7513736786195,322.3806593164378
2025-09-25,-135.49115411552899,0.0,476.1146911589609,129.2000000000004,340.62353704343195,-6.291154115528599
2025-09-26,-118.24379713547397,0.0,-0.0,127.5,-118.24379713547397,9.256202864526031
2025-09-29,-328.3636303656433,0.0,-0.0,2.55000000000058,-328.3636303656433,-325.8136303656427
2025-09-30,110.32835305144154,0.0,-0.0,10.19999999999942,110.32835305144154,120.52835305144096
2025-10-01,131.5536321797115,0.0,-0.0,68.84999999999971,131.5536321797115,200.40363217971122
2025-10-02,276.9915858071087,0.0,0.0,-20.39999999999884,276.9915858071087,256.5915858071099
2025-10-10,-171.6253797475544,0.0,0.0,-5.10000000000116,-171.6253797475544,-176.72537974755556
2025-10-13,50.239347805379985,0.0,0.0,-127.5,50.239347805379985,-77.26065219462001
2025-10-14,-446.83286184313596,0.0,0.0,-117.29999999999913,-446.83286184313596,-564.1328618431351
2025-10-15,-34.885738376929865,0.0,0.0,-5.10000000000116,-34.885738376929865,-39.985738376931025
2025-10-16,-142.80801040994302,0.0,-0.0,155.55000000000058,-142.80801040994302,12.741989590057557
2025-10-17,78.77607215018273,0.0,0.0,-81.6000000000002,78.77607215018273,-2.8239278498174656
2025-10-20,-195.38188787912503,0.0,-0.0,17.0,-195.38188787912503,-178.38188787912503
2025-10-21,-145.94793748973413,0.0,-0.0,11.050000000000097,-145.94793748973413,-134.89793748973403
2025-10-22,-139.8461514588667,0.0,0.0,-38.25,-139.8461514588667,-178.0961514588667
2025-10-23,-95.28723346437356,0.0,-0.0,44.1999999999999,-95.28723346437356,-51.087233464373654
2025-10-24,117.5076014696272,0.0,0.0,-1.6999999999999034,117.5076014696272,115.8076014696273
2025-10-27,193.07926216140464,0.0,-0.0,85.0,193.07926216140464,278.07926216140464
2025-10-28,-495.34637806110726,0.0,0.0,-58.65000000000029,-495.34637806110726,-553.9963780611075
2025-10-29,177.87490210402515,0.0,-0.0,146.2000000000004,177.87490210402515,324.07490210402557
2025-10-30,-71.28584693600591,0.0,-0.0,318.75,-71.28584693600591,247.4641530639941
2025-10-31,-127.09827083903663,0.0,-0.0,12.749999999998067,-127.09827083903663,-114.34827083903856
2025-11-03,-320.98935610619094,0.0,-0.0,157.25000000000193,-320.98935610619094,-163.739356106189
2025-11-04,-146.66699127519578,0.0,0.0,-55.25000000000048,-146.66699127519578,-201.91699127519627
2025-11-05,28.155667924573272,0.0,-0.0,204.00000000000048,28.155667924573272,232.15566792457375
2025-11-06,450.03548122808223,0.0,-0.0,348.50000000000193,450.03548122808223,798.5354812280841
2025-11-07,-271.81740783137474,0.0,-0.0,33.99999999999807,-271.81740783137474,-237.81740783137667
2025-11-10,-41.684001520035785,0.0,-0.0,42.5,-41.684001520035785,0.8159984799642146
2025-11-11,-314.6004100850588,0.0,0.0,-161.49999999999807,-314.6004100850588,-476.10041008505686
2025-11-12,188.6011399796389,0.0,-0.0,288.99999999999807,188.6011399796389,477.60113997963697
2025-11-13,303.11834276849396,0.0,-0.0,8.499999999999517,303.11834276849396,311.61834276849345
2025-11-14,1013.4891645113865,0.0,-0.0,231.2000000000004,1013.4891645113865,1244.689164511387
2025-11-17,-401.46223931809476,0.0,0.0,-95.20000000000039,-401.46223931809476,-496.66223931809515
2025-11-18,499.3058414989414,0.0,0.0,-142.7999999999996,499.3058414989414,356.5058414989418
2025-11-19,269.7711415524549,0.0,-0.0,74.79999999999961,269.7711415524549,344.5711415524545
2025-11-20,0.0,0.0,-0.0,170.0,0.0,170.0
2025-11-21,176.94312349096424,0.0,0.0,-193.7999999999996,176.94312349096424,-16.856876509035374
2025-11-24,-641.210127080251,0.0,-0.0,51.0,-641.210127080251,-590.210127080251
2025-11-25,242.13950493354326,0.0,0.0,-63.75,242.13950493354326,178.38950493354326
2025-11-26,412.3535739819748,0.0,0.0,-25.5,412.3535739819748,386.8535739819748
2025-11-27,-2597.634400318018,0.0,-0.0,89.25,-2597.634400318018,-2508.384400318018
2025-11-28,459.3959881484145,0.0,0.0,0.0,459.3959881484145,459.3959881484145
2025-12-01,-691.4125170413712,0.0,-0.0,-0.0,-691.4125170413712,-691.4125170413712
2025-12-02,230.74541091808314,0.0,0.0,0.0,230.74541091808314,230.74541091808314
2025-12-03,-809.3630028556822,0.0,-0.0,-0.0,-809.3630028556822,-809.3630028556822
2025-12-04,204.58293229647296,0.0,-0.0,8.5,204.58293229647296,213.08293229647296
2025-12-05,477.36017535847367,0.0,0.0,-39.10000000000019,477.36017535847367,438.2601753584735
2025-12-08,-722.7645105551715,0.0,-0.0,130.05000000000058,-722.7645105551715,-592.7145105551708
2025-12-09,-913.2606696421088,0.0,-0.0,127.5,-913.2606696421088,-785.7606696421088
2025-12-10,-1308.3251138964727,0.0,0.0,-211.6500000000003,-1308.3251138964727,-1519.975113896473
2025-12-11,-392.7916516811336,-16.48483695235783,0.0,-10.19999999999942,-392.7916516811336,-402.991651681133
2025-12-12,3854.3455222726316,-16.48483695235783,74.18176628561024,114.75,3928.5272885582417,3969.0955222726316
2025-12-15,729.9151938340567,0.0,-253.8664890663102,-196.3499999999997,476.0487047677465,533.565193834057
2025-12-16,408.1649584194204,0.0,-62.64238041896088,-48.45000000000087,345.5225780004595,359.71495841941953
2025-12-17,220.27948143078038,0.0,11.539385866650294,17.84999999999971,231.81886729743067,238.1294814307801
2025-12-18,224.54196576837768,0.0,0.0,-30.59999999999971,224.54196576837768,193.94196576837797
2025-12-19,-108.69487936314792,17.33019204847412,-0.0,114.75,-108.69487936314792,6.055120636852081
2025-12-22,35.790340100893935,17.33019204847412,17.33019204847412,25.5,53.12053214936806,61.290340100893935
2025-12-23,-174.2311413604558,17.33019204847412,41.592460916337494,30.59999999999971,-132.6386804441183,-143.6311413604561
2025-12-24,1374.0885072567323,17.33019204847412,-155.97172843626706,-76.5,1218.1167788204652,1297.5885072567323
2025-12-26,-888.6727290588476,17.33019204847412,171.5689012798944,84.15000000000029,-717.1038277789532,-804.5227290588473
2025-12-29,926.8979292043805,17.33019204847412,-129.9764403635559,-63.75,796.9214888408246,863.1479292043805
2025-12-30,691.7178133186303,17.33019204847412,103.9811522908447,51.0,795.698965609475,742.7178133186303
2026-01-02,141.17608593380527,-676.4495065586196,0.0,0.0,141.17608593380527,141.17608593380527
2026-01-05,590.4833002660099,-676.4495065586196,693.7796986070938,17.0,1284.2629988731037,607.4833002660099
2026-01-06,1538.6754709777708,-659.3200599699758,685.1146025828567,12.75,2223.7900735606277,1551.4254709777708
2026-01-07,2180.7472467739667,-659.3200599699758,-5817.465756404067,-73.09999999999923,-3636.7185096301005,2107.6472467739677
2026-01-08,1491.5029895285008,-659.3200599699758,-811.7394078703743,-10.200000000000387,679.7635816581266,1481.3029895285003
2026-01-09,-748.4125577274513,17.129446588643827,-0.0,-0.0,-748.4125577274513,-748.4125577274513
2026-01-12,-14.812801811378915,17.129446588643827,-0.0,-0.0,-14.812801811378915,-14.812801811378915
2026-01-13,-1042.5706768881698,17.129446588643827,-0.0,-0.0,-1042.5706768881698,-1042.5706768881698
2026-01-14,922.4481454632174,17.129446588643827,-0.0,-0.0,922.4481454632174,922.4481454632174
2026-01-15,-59.73665775580779,17.129446588643827,137.0355727091506,68.0,77.29891495334283,8.26334224419221
2026-01-16,1545.9782990663512,17.129446588643827,0.0,0.0,1545.9782990663512,1545.9782990663512
2026-01-19,-111.34140282621979,17.129446588643827,111.34140282618488,55.25,-3.491607003525132e-11,-56.09140282621979
2026-01-20,-1022.0891619995222,17.129446588643827,-0.0,-0.0,-1022.0891619995222,-1022.0891619995222
2026-01-21,2730.1910728210373,17.129446588643827,0.0,0.0,2730.1910728210373,2730.1910728210373
2026-01-22,1689.2075877422205,17.129446588643827,0.0,0.0,1689.2075877422205,1689.2075877422205
2026-01-23,-618.5273652584897,17.129446588643827,-0.0,-0.0,-618.5273652584897,-618.5273652584897
2026-01-26,654.5847932641275,17.129446588643827,-59.9530630602534,-29.75,594.6317302038741,624.8347932641275
2026-01-27,-415.826235702894,17.129446588643827,-61.66600771911817,-30.600000000000193,-477.49224342201217,-446.4262357028942
2026-01-28,-24.614298925455937,17.129446588643827,-51.38833976593149,-25.5,-76.00263869138743,-50.11429892545594
2026-01-29,-693.8211459153517,17.129446588643827,231.2475289466917,114.75,-462.5736169686601,-579.0711459153517
2026-01-30,-199.40916915133997,17.129446588643827,167.86857656871067,83.30000000000058,-31.5405925826293,-116.10916915133939
2026-02-02,387.4204212358722,17.129446588643827,-10.277667953186686,-5.100000000000193,377.14275328268553,382.320421235872
2026-02-03,-148.12236932665286,17.129446588643827,-0.0,-0.0,-148.12236932665286,-148.12236932665286
2026-02-04,101.52667792142387,17.129446588643827,-0.0,-0.0,101.52667792142387,101.52667792142387
2026-02-05,-307.3204601334674,17.129446588643827,0.0,0.0,-307.3204601334674,-307.3204601334674
2026-02-06,-43.18087097678734,0.0,-0.0,-0.0,-43.18087097678734,-43.18087097678734
2026-02-09,-878.8048081092559,0.0,-0.0,-0.0,-878.8048081092559,-878.8048081092559
2026-02-10,37.055099135117416,0.0,0.0,0.0,37.055099135117416,37.055099135117416
2026-02-11,-19.589113873568923,0.0,0.0,0.0,-19.589113873568923,-19.589113873568923
2026-02-12,310.5498502253701,0.0,0.0,0.0,310.5498502253701,310.5498502253701
2026-02-13,10.821999750993122,0.0,0.0,0.0,10.821999750993122,10.821999750993122
2026-02-19,-303.28950754229913,0.0,-0.0,-0.0,-303.28950754229913,-303.28950754229913
2026-02-20,-51.78105603209203,0.0,0.0,0.0,-51.78105603209203,-51.78105603209203
2026-02-23,-302.26206472807365,0.0,-0.0,-0.0,-302.26206472807365,-302.26206472807365
2026-02-24,59.1784272624,0.0,-0.0,-0.0,59.1784272624,59.1784272624
2026-02-25,-29.383670810353664,0.0,0.0,0.0,-29.383670810353664,-29.383670810353664
2026-02-26,106.16511188152153,0.0,0.0,0.0,106.16511188152153,106.16511188152153
2026-02-27,175.8914818004671,0.0,0.0,0.0,175.8914818004671,175.8914818004671
2026-03-03,227.74078081615454,0.0,-0.0,148.75,227.74078081615454,376.49078081615454
2026-03-04,15.890428258419595,0.0,-0.0,28.899999999999807,15.890428258419595,44.790428258419404
2026-03-05,255.8234942978639,0.0,0.0,-96.8999999999998,255.8234942978639,158.9234942978641
2026-03-06,-179.5901674156081,0.0,-0.0,62.89999999999981,-179.5901674156081,-116.6901674156083
2026-03-09,521.1756329320025,0.0,-0.0,212.5,521.1756329320025,733.6756329320025
2026-03-10,-579.6396560813714,0.0,0.0,-209.09999999999923,-579.6396560813714,-788.7396560813706
2026-03-11,-84.97020099008046,0.0,0.0,-11.900000000000773,-84.97020099008046,-96.87020099008123
2026-03-12,-39.69789815686964,0.0,-0.0,62.89999999999981,-39.69789815686964,23.202101843130166
2026-03-13,126.89959725368898,0.0,-0.0,130.05000000000058,126.89959725368898,256.94959725368955
2026-03-16,-389.7860723959026,0.0,0.0,-51.0,-389.7860723959026,-440.7860723959026
2026-03-17,-349.93966232990016,0.0,-0.0,51.0,-349.93966232990016,-298.93966232990016
2026-03-18,-148.38548278912148,0.0,0.0,-229.5,-148.38548278912148,-377.8854827891215
2026-03-19,75.82224124057181,0.0,-0.0,127.5,75.82224124057181,203.32224124057183
2026-03-20,350.9607923175404,0.0,-0.0,85.0,350.9607923175404,435.9607923175404
2026-03-23,36.3011708353363,0.0,-0.0,255.0,36.3011708353363,291.3011708353363
2026-03-24,-265.53831095188616,98.38462032656147,0.0,-119.84999999999971,-265.53831095188616,-385.38831095188584
2026-03-25,-418.3508963978543,98.38462032656147,167.2538545551534,43.34999999999971,-251.0970418427009,-375.0008963978546
2026-03-26,-9.066003276949726,98.38462032656147,-98.38462032656147,-17.0,-107.4506236035112,-26.066003276949726
2026-03-27,-2312.509359467313,98.38462032656147,1475.7693048984224,255.0,-836.7400545688906,-2057.509359467313
2026-03-30,-72.56000693490654,0.0,-885.4615829390533,-127.5,-958.0215898739598,-200.06000693490654
2026-03-31,-345.44410130766266,0.0,-531.2769497634354,-91.80000000000058,-876.721051071098,-437.24410130766324
2026-04-01,-1588.170316766711,0.0,-5519.377200320096,-953.6999999999994,-7107.547517086807,-2541.8703167667104
2026-04-02,658.3599699156545,0.0,2066.077026857791,446.25,2724.4369967734456,1104.6099699156543
2026-04-03,-162.69873704229602,0.0,-1003.5231273309204,-173.39999999999884,-1166.2218643732165,-336.09873704229483
2026-04-06,611.3950923503438,0.0,-373.86155724094033,-64.60000000000116,237.5335351094035,546.7950923503427
2026-04-07,690.5975270134214,0.0,590.3077219593689,102.0,1280.9052489727903,792.5975270134214
2026-04-08,898.3303840007417,0.0,-2420.2616600334145,-418.2000000000004,-1521.931276032673,480.1303840007413
2026-04-09,34.074645164181476,0.0,452.56925350218506,78.20000000000039,486.64389866636657,112.27464516418186
2026-04-10,0.0,0.0,590.3077219593689,102.0,590.3077219593689,102.0
2026-04-13,0.0,0.0,531.2769497634409,91.80000000000155,531.2769497634409,91.80000000000155
2026-04-14,0.0,0.0,-1180.615443918749,-204.00000000000193,-1180.615443918749,-204.00000000000193
2026-04-15,0.0,0.0,59.03077219593912,10.200000000000387,59.03077219593912,10.200000000000387
2026-04-16,0.0,0.0,334.5077091103068,57.79999999999961,334.5077091103068,57.79999999999961
2026-04-17,0.0,0.0,846.1077348084309,182.75000000000048,846.1077348084309,182.75000000000048
2026-04-20,0.0,0.0,-590.3077219593689,-153.0,-590.3077219593689,-153.0
2026-04-21,0.0,0.0,-570.6307978940521,-147.89999999999884,-570.6307978940521,-147.89999999999884
2026-04-22,0.0,0.0,806.7538866777974,174.24999999999855,806.7538866777974,174.24999999999855
2026-04-23,0.0,0.0,885.4615829390533,306.0,885.4615829390533,306.0
2026-04-24,0.0,0.0,-0.0,71.40000000000029,0.0,71.40000000000029
2026-04-27,0.0,0.0,-0.0,12.75,0.0,12.75
2026-04-28,0.0,0.0,-0.0,114.75,0.0,114.75
2026-04-29,0.0,0.0,0.0,-58.65000000000029,0.0,-58.65000000000029
2026-04-30,0.0,0.0,-0.0,186.1500000000003,0.0,186.1500000000003
2026-05-04,0.0,0.0,-0.0,45.89999999999884,0.0,45.89999999999884
2026-05-06,0.0,0.0,-0.0,5.10000000000116,0.0,5.10000000000116
2026-05-07,0.0,0.0,0.0,-100.30000000000058,0.0,-100.30000000000058
2026-05-08,0.0,0.0,-0.0,23.800000000000097,0.0,23.800000000000097
2026-05-11,0.0,0.0,-0.0,-0.0,0.0,0.0
